Unnamed: 0,Unnamed: 0.1,amount,Conc,elution,res,thrp,priority,res_predicted_mean,res_predicted_variance,res_expected_improvement,thrp_predicted_mean,thrp_predicted_variance,thrp_expected_improvement
83,522,1.25,5.0,5,PENDING,PENDING,1.0,-0.0,2.5987191050025444e-06,2.0734778517449705e-06,0.23216731289511128,0.3611946922347438,0.23000596624930972
603,1,1.5500000000000005,6.0,8,PENDING,PENDING,0.0,-0.0,1.4609092164088703e-06,1.1656369085072497e-06,0.20629681423000135,0.23862687096920604,0.12440567930189694
602,2,1.5500000000000005,6.5,5,PENDING,PENDING,0.0,-0.0,2.2506383512391564e-06,1.7957495924045395e-06,0.21274535097389335,0.32245241384787454,0.191503410735364
601,3,1.5500000000000005,6.5,6,PENDING,PENDING,0.0,-0.0,1.380928212805097e-06,1.1018213005742807e-06,0.20808991843715252,0.22818677498028783,0.117165309602124
600,4,1.5500000000000005,6.5,7,PENDING,PENDING,0.0,-0.0,1.034267997412904e-06,8.252264668682541e-07,0.20617180487554218,0.1907285350542805,0.08845916118333155
599,5,1.5500000000000005,6.5,8,PENDING,PENDING,0.0,-0.0,1.3800682945501376e-06,1.101135185075096e-06,0.20817181596712253,0.22805332407890713,0.11709482599104973
598,6,1.5500000000000005,6.5,9,PENDING,PENDING,0.0,-0.0,2.249163527255728e-06,1.7945728531182602e-06,0.212888907460947,0.32222935270825165,0.19138890149980076
597,7,1.5500000000000005,7.0,5,PENDING,PENDING,0.0,-0.0,2.2010441776108393e-06,1.7561791669607285e-06,0.21463936070786718,0.31581919997155766,0.18712147149367764
596,8,1.5500000000000005,7.0,6,PENDING,PENDING,0.0,-0.0,1.3194530340381236e-06,1.0527712045635165e-06,0.21021945069271614,0.21993295860830436,0.11171847838312444
595,9,1.5500000000000005,7.0,7,PENDING,PENDING,0.0,-0.0,9.676648640654334e-07,7.720848550692128e-07,0.20838434282889298,0.1817772538784878,0.08263295189035705
594,10,1.5500000000000005,7.0,8,PENDING,PENDING,0.0,-0.0,1.3185410110114713e-06,1.052043515471454e-06,0.2103037152607904,0.21979415910669306,0.11164485018364403
593,11,1.5500000000000005,7.0,9,PENDING,PENDING,0.0,-0.0,2.1994898089782555e-06,1.7549389602269936e-06,0.21478661446560848,0.3155880728026832,0.18700217818151454
592,12,1.5500000000000005,7.5,5,PENDING,PENDING,0.0,-0.0,2.1673462184014794e-06,1.7292920855770157e-06,0.21668431766458324,0.3111375737235954,0.18431991264787095
591,13,1.5500000000000005,7.5,6,PENDING,PENDING,0.0,-0.0,1.2784642083623066e-06,1.020066853391342e-06,0.21255032045264421,0.21418187019360896,0.10824026430653548
590,14,1.5500000000000005,7.5,7,PENDING,PENDING,0.0,-0.0,9.237112512862744e-07,7.370149460412143e-07,0.21082562914798503,0.17558469311122757,0.07892536462573815
589,15,1.5500000000000005,7.5,8,PENDING,PENDING,0.0,-0.0,1.2774982403271506e-06,1.019296122409862e-06,0.2126366977332067,0.2140378560387119,0.10816349490995358
588,16,1.5500000000000005,7.5,9,PENDING,PENDING,0.0,-0.0,2.1657114038773536e-06,1.7279876923084393e-06,0.21683484366280958,0.31089876311751224,0.18419598517167457
587,17,1.5500000000000005,6.0,9,PENDING,PENDING,0.0,-0.0,2.309033177991038e-06,1.842341923100624e-06,0.21171960680674928,0.32992909526949055,0.1969008449584566
586,18,1.5500000000000005,6.0,7,PENDING,PENDING,0.0,-0.0,1.115262000895954e-06,8.898503317649931e-07,0.20500014531264854,0.20108887158380645,0.09571996380199221
585,19,1.5500000000000005,8.0,6,PENDING,PENDING,0.0,-0.0,1.2578622401357452e-06,1.0036288610212175e-06,0.21510414094887328,0.21093632917777544,0.10673358638436935
584,20,1.5500000000000005,6.0,6,PENDING,PENDING,0.0,-0.0,1.454001749359751e-06,1.160125547194503e-06,0.20705944583282399,0.23750782736623824,0.12384304637066926
583,21,1.4,10.0,6,PENDING,PENDING,0.0,-0.0,1.3188347216568478e-06,1.0522778626607433e-06,0.22773452345031334,0.2158923869239609,0.11523201260398269
582,22,1.4,10.0,7,PENDING,PENDING,0.0,-0.0,9.74112351787241e-07,7.772292059784091e-07,0.22692842808144342,0.17811261859048563,0.08639630188734615
581,23,1.4,10.0,8,PENDING,PENDING,0.0,-0.0,1.31737597658244e-06,1.051113952487726e-06,0.22782764188417418,0.21570053388643415,0.11512124902101364
580,24,1.4,10.0,9,PENDING,PENDING,0.0,-0.0,2.187771157169917e-06,1.7455888288756957e-06,0.2298820338480408,0.3112420044851649,0.1898764669952327
579,25,1.5500000000000005,5.0,5,PENDING,PENDING,0.0,-0.0,2.478026395625715e-06,1.9771790023317313e-06,0.20935815183456735,0.3513595750844907,0.2126287875522704
578,26,1.5500000000000005,5.0,6,PENDING,PENDING,0.0,-0.0,1.667668563636524e-06,1.3306069994618734e-06,0.2044681412148333,0.2645722985431695,0.14348732432933473
577,27,1.5500000000000005,5.0,7,PENDING,PENDING,0.0,-0.0,1.347350444649267e-06,1.0750301177765259e-06,0.20251277086279035,0.2303970204752633,0.11676963223968678
576,28,1.5500000000000005,5.0,8,PENDING,PENDING,0.0,-0.0,1.6672132071728018e-06,1.3302436775698077e-06,0.204544942324427,0.26448722835633237,0.1434518971087971
575,29,1.5500000000000005,5.0,9,PENDING,PENDING,0.0,-0.0,2.477188195223892e-06,1.9765102151722576e-06,0.2094934581238398,0.35121245208218366,0.2125703534580867
574,30,1.5500000000000005,5.5,5,PENDING,PENDING,0.0,-0.0,2.384290680473808e-06,1.9023887224162095e-06,0.21076965313752632,0.3394458937652647,0.20392286317411595
573,31,1.5500000000000005,5.5,6,PENDING,PENDING,0.0,-0.0,1.54985250720763e-06,1.2366033870225796e-06,0.20597610105848088,0.24962824375906661,0.1326519878535056
572,32,1.5500000000000005,5.5,7,PENDING,PENDING,0.0,-0.0,1.219008224945342e-06,9.726278421755948e-07,0.2040387054290484,0.21414267727175743,0.10511170386049132
571,33,1.5500000000000005,5.5,8,PENDING,PENDING,0.0,-0.0,1.549359161300857e-06,1.2362097539404302e-06,0.20605578196647403,0.24953874744379706,0.13261414034777286
570,34,1.5500000000000005,5.5,9,PENDING,PENDING,0.0,-0.0,2.383389254601119e-06,1.9016694886296826e-06,0.21090954160864075,0.33929158059964615,0.20386057378874567
569,35,1.5500000000000005,6.0,5,PENDING,PENDING,0.0,-0.0,2.304112052695476e-06,1.8384154332055186e-06,0.21236249342948593,0.32913228312768084,0.19654573375128925
568,36,1.5500000000000005,8.0,5,PENDING,PENDING,0.0,-0.0,2.1421358854483488e-06,1.709177150141013e-06,0.21959394641439317,0.3073496796561719,0.18256909930662138
567,37,1.5500000000000005,8.0,7,PENDING,PENDING,0.0,-0.0,8.937952247561824e-07,7.131454103522849e-07,0.21431474210945556,0.17088897987904647,0.07667126407711806
566,38,1.4,9.5,9,PENDING,PENDING,0.0,-0.0,2.132206359891633e-06,1.701254535003212e-06,0.22816153017467508,0.30461786696407966,0.1839858629111461
565,39,1.5500000000000005,10.0,6,PENDING,PENDING,0.0,-0.0,1.382500543974836e-06,1.1030758393390846e-06,0.22630029322177972,0.2239080253374614,0.12080336333115665
564,40,1.5500000000000005,10.0,8,PENDING,PENDING,0.0,-0.0,1.3818897231869033e-06,1.1025884748629755e-06,0.22634619224687383,0.22382617635388696,0.12075846074133949
563,41,1.5500000000000005,10.0,9,PENDING,PENDING,0.0,-0.0,2.2389903760472737e-06,1.7864558528343214e-06,0.22858487220275275,0.31769587489359036,0.1943764512166753
562,42,1.7000000000000002,5.0,5,PENDING,PENDING,0.0,-0.0,2.53130185343033e-06,2.019686667583738e-06,0.20851605469328233,0.3581401469131743,0.2175707614415228
561,43,1.7000000000000002,5.0,6,PENDING,PENDING,0.0,-0.0,1.734487428581323e-06,1.3839207401717002e-06,0.20356812070666783,0.2730579014829768,0.14963958612120995
560,44,1.7000000000000002,5.0,7,PENDING,PENDING,0.0,-0.0,1.4200921577193063e-06,1.1330696075614621e-06,0.2016007568942073,0.23961983192771813,0.12340029611723216
559,45,1.7000000000000002,5.0,8,PENDING,PENDING,0.0,-0.0,1.7342151993269742e-06,1.3837035326526566e-06,0.2036444097228992,0.2729945370527894,0.14962068655479457
558,46,1.7000000000000002,5.0,9,PENDING,PENDING,0.0,-0.0,2.5307527482530813e-06,2.019248545040554e-06,0.20865045759418382,0.3580273527629281,0.21753883847679276
557,47,1.7000000000000002,5.5,5,PENDING,PENDING,0.0,-0.0,2.4402219800068686e-06,1.947015442779279e-06,0.20988638229455522,0.3465692112891906,0.20911096900501508
556,48,1.7000000000000002,5.5,6,PENDING,PENDING,0.0,-0.0,1.6202380230057329e-06,1.2927629033820321e-06,0.20502940525916047,0.2585755253383252,0.13911768848628234
555,49,1.7000000000000002,5.5,7,PENDING,PENDING,0.0,-0.0,1.2957848477102347e-06,1.0338867241102884e-06,0.20307969275910784,0.22388744745883205,0.1120751502331144
554,50,1.7000000000000002,5.5,8,PENDING,PENDING,0.0,-0.0,1.6199357366821213e-06,1.2925217137914805e-06,0.20510846850825526,0.25850874761920023,0.13909704996498667
553,51,1.7000000000000002,5.5,9,PENDING,PENDING,0.0,-0.0,2.439621029082183e-06,1.946535953314672e-06,0.21002520753466936,0.34645068184634714,0.20907624316565512
552,52,1.7000000000000002,6.0,5,PENDING,PENDING,0.0,-0.0,2.3625870097775668e-06,1.8850716986549288e-06,0.21143727834228446,0.33658054595658843,0.20196609456345782
551,53,1.7000000000000002,6.0,6,PENDING,PENDING,0.0,-0.0,1.5229971573509838e-06,1.2151759179970023e-06,0.20671772219718756,0.24607597674291515,0.13022802438636694
550,54,1.7000000000000002,6.0,7,PENDING,PENDING,0.0,-0.0,1.190006725791452e-06,9.494879937605686e-07,0.2048057173975251,0.21030531355915794,0.10251759001245239
549,55,1.5500000000000005,10.0,7,PENDING,PENDING,0.0,-0.0,1.0341966307417055e-06,8.251695245031488e-07,0.22615533988702224,0.18558924737453614,0.09171107977756413
548,56,1.5500000000000005,10.0,5,PENDING,PENDING,0.0,-0.0,2.2318783712995873e-06,1.7807812940497857e-06,0.22918332260603838,0.3167465137628254,0.19388557901182185
547,57,1.5500000000000005,8.0,8,PENDING,PENDING,0.0,-0.0,1.2410920505515932e-06,9.902481856702856e-07,0.21680622848904207,0.20843656603029892,0.1054756362800308
546,58,1.5500000000000005,9.5,9,PENDING,PENDING,0.0,-0.0,2.1829230191776424e-06,1.741720574423018e-06,0.22699445826588066,0.31102438837864704,0.18849929899243326
545,59,1.5500000000000005,8.0,9,PENDING,PENDING,0.0,-0.0,2.1341403891644903e-06,1.7027976671001656e-06,0.22049321155765633,0.30617119309718166,0.18202211599324258
544,60,1.5500000000000005,8.5,5,PENDING,PENDING,0.0,-0.0,2.133523637866612e-06,1.7023055707617334e-06,0.22264443016128116,0.30566699862780294,0.18251657084347114
543,61,1.5500000000000005,8.5,6,PENDING,PENDING,0.0,-0.0,1.2412523474676131e-06,9.903760841047222e-07,0.2194475010038916,0.2078400973631436,0.10600071615994934
542,62,1.5500000000000005,8.5,7,PENDING,PENDING,0.0,-0.0,8.862551866908905e-07,7.071293303921226e-07,0.21811553081403293,0.1689995558471197,0.0765771558358961
541,63,1.5500000000000005,8.5,8,PENDING,PENDING,0.0,-0.0,1.240449711276928e-06,9.897356730802328e-07,0.2195397447195037,0.20772105601980212,0.10594495678200753
540,64,1.5500000000000005,8.5,9,PENDING,PENDING,0.0,-0.0,2.132159530559084e-06,1.7012171706017785e-06,0.22280382105939855,0.3054689905835569,0.18242818029911095
539,65,1.5500000000000005,9.0,5,PENDING,PENDING,0.0,-0.0,2.14785581397817e-06,1.7137409928038532e-06,0.22503377556404464,0.30701158623214586,0.18455320086733512
538,66,1.5500000000000005,9.0,6,PENDING,PENDING,0.0,-0.0,1.2617131000181638e-06,1.0067014026672145e-06,0.22224394482958007,0.2097814767734454,0.10850984473565994
537,67,1.5500000000000005,9.0,7,PENDING,PENDING,0.0,-0.0,9.099144610312111e-07,7.260067001080638e-07,0.2210898422963214,0.17125719646872026,0.07925740080661388
536,68,1.5500000000000005,9.0,8,PENDING,PENDING,0.0,-0.0,1.2608522804753032e-06,1.0060145680443285e-06,0.22233710606837345,0.2096577584881075,0.10845093825691136
535,69,1.5500000000000005,9.0,9,PENDING,PENDING,0.0,-0.0,2.1464116490798923e-06,1.712588715928264e-06,0.22519458329013853,0.3068073760538727,0.18446070122328026
534,70,1.5500000000000005,9.5,5,PENDING,PENDING,0.0,-0.0,2.1780984106957638e-06,1.7378710938034086e-06,0.22747730860448426,0.3103618187081487,0.18818351777585327
533,71,1.5500000000000005,9.5,6,PENDING,PENDING,0.0,-0.0,1.3022822983427637e-06,1.0390709396545621e-06,0.22511298528430088,0.21425638522157497,0.1129878160944057
532,72,1.5500000000000005,9.5,7,PENDING,PENDING,0.0,-0.0,9.554690653185228e-07,7.623540155423939e-07,0.2241456584399172,0.17627242852761094,0.08403750251543429
531,73,1.5500000000000005,9.5,8,PENDING,PENDING,0.0,-0.0,1.3013652299017088e-06,1.038339224904245e-06,0.2252066485963022,0.21412844620595375,0.1129259660956107
530,74,1.4,10.0,5,PENDING,PENDING,0.0,-0.0,2.16195021559795e-06,1.7249866982500304e-06,0.2319198619547414,0.3078477321558409,0.1880782323994299
529,75,1.4,9.5,8,PENDING,PENDING,0.0,-0.0,1.2233290372484955e-06,9.76075351602408e-07,0.22759342491880327,0.2041752494914733,0.10626367867224448
528,76,1.25,7.5,8,PENDING,PENDING,0.0,-0.0,1.1393984710862952e-06,9.09108448682145e-07,0.2197440404202323,0.1952197797915096,0.09660990361870239
527,77,1.25,9.5,7,PENDING,PENDING,0.0,-0.0,8.066724415735313e-07,6.436314867566722e-07,0.22937042768538346,0.15721587735883033,0.07177056503127491
526,78,1.25,9.5,9,PENDING,PENDING,0.0,-0.0,2.068145342777373e-06,1.6501412384984158e-06,0.23189694246773712,0.2962884225568032,0.17904177875975044
525,79,1.25,10.0,5,PENDING,PENDING,0.0,-0.0,2.112748451315067e-06,1.6857293701644561e-06,0.2342324020744853,0.3015906336404167,0.1841579232139982
524,80,1.25,10.0,6,PENDING,PENDING,0.0,-0.0,1.222169387086705e-06,9.751500846423828e-07,0.2329703283911253,0.20342793446136492,0.10772706317619929
523,81,1.25,10.0,7,PENDING,PENDING,0.0,-0.0,8.69460911910318e-07,6.937294378348229e-07,0.23246502976265485,0.16460987592692128,0.0783080977426051
522,82,1.25,10.0,8,PENDING,PENDING,0.0,-0.0,1.2209898570328202e-06,9.742089558233852e-07,0.23306839421855402,0.20327441448093805,0.10764742150027456
521,83,1.25,10.0,9,PENDING,PENDING,0.0,-0.0,2.110856425504825e-06,1.6842197519818237e-06,0.23440058643642486,0.30134511341249354,0.18403656710570201
520,84,1.4,5.0,5,PENDING,PENDING,0.0,-0.0,2.427185052040526e-06,1.936613479234635e-06,0.21300492540453123,0.34401374264242907,0.20841560491731193
519,85,1.4,5.0,6,PENDING,PENDING,0.0,-0.0,1.6072445153999303e-06,1.2823955842726875e-06,0.2085889831644858,0.25571302659911904,0.13829979271417486
518,86,1.4,5.0,7,PENDING,PENDING,0.0,-0.0,1.2833505517970148e-06,1.023965591376676e-06,0.20681589535015285,0.2209525361416887,0.11123447327457052
517,87,1.4,5.0,8,PENDING,PENDING,0.0,-0.0,1.6071279910678493e-06,1.2823026113071623e-06,0.20867174288158805,0.25567077004512345,0.1382993936670327
516,88,1.4,5.0,9,PENDING,PENDING,0.0,-0.0,2.426878282751023e-06,1.936368712754812e-06,0.21314951648479158,0.3439341865138498,0.20841380856114622
515,89,1.4,5.5,5,PENDING,PENDING,0.0,-0.0,2.3299295992349236e-06,1.8590148549871532e-06,0.21454495928411016,0.33167579037179046,0.19943112811812364
514,90,1.4,5.5,6,PENDING,PENDING,0.0,-0.0,1.4849096447227063e-06,1.1847864797115153e-06,0.2102564417645775,0.24021785967978956,0.12711172034053975
513,91,1.4,5.5,7,PENDING,PENDING,0.0,-0.0,1.1500735958428336e-06,9.176259659100314e-07,0.20851435056240267,0.20409278514345272,0.09920562041024686
512,92,1.4,5.5,8,PENDING,PENDING,0.0,-0.0,1.4847593079930837e-06,1.184666528356028e-06,0.21034216141353906,0.24017213281171979,0.12710946800450215
511,93,1.25,9.5,8,PENDING,PENDING,0.0,-0.0,1.1565439478350247e-06,9.227885598675608e-07,0.23090638140872946,0.19554532081006165,0.10096230331568641
510,94,1.25,9.5,6,PENDING,PENDING,0.0,-0.0,1.1560441208812556e-06,9.223897556580753e-07,0.23095580069610233,0.1954784945559165,0.10093014488448658
509,95,1.4,6.0,5,PENDING,PENDING,0.0,-0.0,2.2460407720205476e-06,1.7920812549289433e-06,0.2162986191035039,0.32091723952848605,0.19177320111609036
508,96,1.25,9.5,5,PENDING,PENDING,0.0,-0.0,2.0605243628857234e-06,1.6440605763046794e-06,0.2326567298306527,0.29527709935047963,0.17856902217018114
507,97,1.25,8.0,5,PENDING,PENDING,0.0,-0.0,2.0257324724853037e-06,1.6163006641130393e-06,0.22597041961187606,0.29179071562594233,0.17308562262448138
506,98,1.25,8.0,6,PENDING,PENDING,0.0,-0.0,1.1054776769430718e-06,8.820435707450948e-07,0.22324438821080517,0.19033913410920794,0.09421824100443382
505,99,1.25,8.0,7,PENDING,PENDING,0.0,-0.0,7.383148723369395e-07,5.890900376487826e-07,0.2220883465419592,0.1499263738293228,0.06402926450954016
504,100,1.25,8.0,8,PENDING,PENDING,0.0,-0.0,1.1048309745306e-06,8.815275768747496e-07,0.2233418423177473,0.19024175115683475,0.09418053076854349
503,101,1.25,8.0,9,PENDING,PENDING,0.0,-0.0,2.0246216714682275e-06,1.61541437313139e-06,0.22613751149046812,0.2916277578306652,0.17302753528639556
502,102,1.25,8.5,5,PENDING,PENDING,0.0,-0.0,2.0187775939389974e-06,1.6107514738986824e-06,0.22837362346891585,0.2905889110981545,0.173139708122552
501,103,1.25,8.5,6,PENDING,PENDING,0.0,-0.0,1.0983546334400226e-06,8.763602043080847e-07,0.22605736394237919,0.1889918149164113,0.0942292007204629
500,104,1.25,8.5,7,PENDING,PENDING,0.0,-0.0,7.315725856563216e-07,5.837104712018108e-07,0.22508035575757757,0.14856581739489647,0.06402632552647891
499,105,1.25,8.5,8,PENDING,PENDING,0.0,-0.0,1.0976374199713988e-06,8.757879507546698e-07,0.22615602418899866,0.18888824489240721,0.09418733596111187
498,106,1.25,8.5,9,PENDING,PENDING,0.0,-0.0,2.0175707671624684e-06,1.6097885654461263e-06,0.22854253081486559,0.29041778212056996,0.17307612543329048
497,107,1.25,9.0,5,PENDING,PENDING,0.0,-0.0,2.028445927383652e-06,1.618465687882866e-06,0.23083831437556165,0.2914922286678422,0.1748619726430809
496,108,1.25,9.0,6,PENDING,PENDING,0.0,-0.0,1.1124055639172053e-06,8.875712248007431e-07,0.22895545524640717,0.19032571351935862,0.09629458067154105
495,109,1.25,9.0,7,PENDING,PENDING,0.0,-0.0,7.480156649502491e-07,5.968301503024929e-07,0.22817079040634503,0.150140204392286,0.06619128157766317
494,110,1.25,9.0,8,PENDING,PENDING,0.0,-0.0,1.111618041651142e-06,8.869428729433627e-07,0.2290548700067376,0.19021619589762628,0.09624861507332536
493,111,1.25,9.0,9,PENDING,PENDING,0.0,-0.0,2.0271449154642037e-06,1.617427630558918e-06,0.23100837349453388,0.29131344341920545,0.17479307966413207
492,112,1.4,5.5,9,PENDING,PENDING,0.0,-0.0,2.328441350550866e-06,1.8578274043395085e-06,0.21540836625018997,0.33126077999790066,0.19946592385870515
491,113,1.4,6.0,6,PENDING,PENDING,0.0,-0.0,1.3783799307142174e-06,1.0997880656373974e-06,0.21294817274058525,0.2263450882869966,0.11758495560170559
490,114,1.4,9.5,7,PENDING,PENDING,0.0,-0.0,8.518382464742711e-07,6.796685851632068e-07,0.22870735058217295,0.16285568923639826,0.07569562619252729
489,115,1.4,8.0,5,PENDING,PENDING,0.0,-0.0,2.062927715160752e-06,1.6459781739790952e-06,0.22467253412045968,0.2965959979460521,0.1762907546219492
488,116,1.4,8.0,7,PENDING,PENDING,0.0,-0.0,7.898311847162275e-07,6.301941079257141e-07,0.2204754419150013,0.1566041466415609,0.06832845642529597
487,117,1.4,8.0,8,PENDING,PENDING,0.0,-0.0,1.1522360336259378e-06,9.19351341630867e-07,0.22180393047169508,0.196381511623945,0.09823174803781173
486,118,1.4,8.0,9,PENDING,PENDING,0.0,-0.0,2.0623632751571418e-06,1.6455278160147151e-06,0.22479696531897908,0.2965055470131261,0.17627158622659703
485,119,1.4,8.5,5,PENDING,PENDING,0.0,-0.0,2.0579220925718314e-06,1.6419842649981894e-06,0.22700800424801565,0.2956141495530843,0.17648921276256646
484,120,1.4,8.5,6,PENDING,PENDING,0.0,-0.0,1.1478896065494962e-06,9.158833945719188e-07,0.22448455720159444,0.195358289380611,0.09844324850256155
483,121,1.4,8.5,7,PENDING,PENDING,0.0,-0.0,7.857161491773965e-07,6.269107846021257e-07,0.22342631476650185,0.15552566559758824,0.06852605319378896
482,122,1.4,8.5,8,PENDING,PENDING,0.0,-0.0,1.1474064797164729e-06,9.154979151309399e-07,0.22458230202482124,0.19528227885132993,0.0984218815223739
481,123,1.4,8.5,9,PENDING,PENDING,0.0,-0.0,2.057071602173039e-06,1.6413056718398819e-06,0.227175530484045,0.29548509052336686,0.176457877488138
480,124,1.4,9.0,5,PENDING,PENDING,0.0,-0.0,2.069193704011524e-06,1.650977709741289e-06,0.22945044651362972,0.2966830452755091,0.17833290939780666
479,125,1.4,9.0,6,PENDING,PENDING,0.0,-0.0,1.1640934700447412e-06,9.288122070801319e-07,0.22735194504465475,0.1969135374433375,0.10067466086634616
478,126,1.4,9.0,7,PENDING,PENDING,0.0,-0.0,8.045508204019258e-07,6.419386779799756e-07,0.22648089310982872,0.1573450102473437,0.07088104125872312
477,127,1.4,9.0,8,PENDING,PENDING,0.0,-0.0,1.16354175080078e-06,9.283719988134775e-07,0.22745033194852943,0.19683175610270867,0.1006493470830166
476,128,1.4,9.0,9,PENDING,PENDING,0.0,-0.0,2.068251108111629e-06,1.650225627025687e-06,0.22961897592827377,0.29654654203298003,0.17829639946936637
475,129,1.4,9.5,5,PENDING,PENDING,0.0,-0.0,2.0966813311490934e-06,1.6729096630474615e-06,0.23193084057358973,0.299805939752102,0.1818012228566035
474,130,1.4,9.5,6,PENDING,PENDING,0.0,-0.0,1.200803995971449e-06,9.581029689360052e-07,0.230270522500731,0.2010668014499681,0.10491077615077904
473,131,1.4,8.0,6,PENDING,PENDING,0.0,-0.0,1.1497356347478948e-06,9.173563119702278e-07,0.22248351577176873,0.19594281515465664,0.0981501505425239
472,132,1.4,7.5,9,PENDING,PENDING,0.0,-0.0,2.081621469594088e-06,1.6608936320248943e-06,0.2232909650277311,0.2991451048907818,0.17770586326767465
471,133,1.4,6.0,7,PENDING,PENDING,0.0,-0.0,1.0349318787120234e-06,8.257561675070272e-07,0.2122085051336989,0.18882254274220908,0.08915250549783038
470,134,1.4,7.5,8,PENDING,PENDING,0.0,-0.0,1.1752927917720405e-06,9.37747972977808e-07,0.22020555276816697,0.19955015251157546,0.10003065760133842
469,135,1.4,6.0,8,PENDING,PENDING,0.0,-0.0,1.378488769021124e-06,1.099874906042102e-06,0.21394116498377236,0.22607666929840242,0.11775407925721348
468,136,1.4,6.0,9,PENDING,PENDING,0.0,-0.0,2.2438890518081376e-06,1.790364430592294e-06,0.21789083912468216,0.32026095516913916,0.19192036766355128
467,137,1.4,6.5,5,PENDING,PENDING,0.0,-0.0,2.173928620334246e-06,1.7345440824521692e-06,0.21965115239655977,0.31125381577535094,0.18563168635478944
466,138,1.4,6.5,6,PENDING,PENDING,0.0,-0.0,1.2906476643993958e-06,1.0297878448605559e-06,0.2160041944217808,0.21473600009473923,0.10993486425458052
465,139,1.4,6.5,7,PENDING,PENDING,0.0,-0.0,9.394847625792186e-07,7.496003871715041e-07,0.2144920039698322,0.17645866759681283,0.08081568226213667
464,140,1.4,6.5,8,PENDING,PENDING,0.0,-0.0,1.290685191061814e-06,1.029817786805118e-06,0.21609751793492407,0.21471679045781528,0.1099549889904674
463,141,1.4,6.5,9,PENDING,PENDING,0.0,-0.0,2.1738589053841845e-06,1.7344884579698578e-06,0.2198119075211259,0.3112101677929438,0.18566403294863545
462,142,1.4,7.0,5,PENDING,PENDING,0.0,-0.0,2.1192033881422532e-06,1.690879664599826e-06,0.2217167513348657,0.3040802965838342,0.18089861500854088
461,143,1.4,7.0,6,PENDING,PENDING,0.0,-0.0,1.2223480949212558e-06,9.752926728644654e-07,0.21835523746791857,0.20575841127774522,0.10402685846298883
460,144,1.4,7.0,7,PENDING,PENDING,0.0,-0.0,8.653527197122832e-07,6.904515747072002e-07,0.21694996025760074,0.16670664524040318,0.07450440864038636
459,145,1.4,7.0,8,PENDING,PENDING,0.0,-0.0,1.222333894871773e-06,9.752813428642204e-07,0.218450687837022,0.20573469065383734,0.1040441033798318
458,146,1.4,7.0,9,PENDING,PENDING,0.0,-0.0,2.119057114698605e-06,1.6907629552774837e-06,0.22188070877732174,0.30403003337252493,0.1809270319929974
457,147,1.4,7.5,5,PENDING,PENDING,0.0,-0.0,2.0803470247946636e-06,1.6598767721958378e-06,0.22391304683261318,0.2988769963598208,0.17775329080453786
456,148,1.4,7.5,6,PENDING,PENDING,0.0,-0.0,1.1743712278638894e-06,9.370126713637011e-07,0.2208831513488432,0.19929564231944394,0.1000871514209696
455,149,1.4,7.5,7,PENDING,PENDING,0.0,-0.0,8.136057538208731e-07,6.491634695540516e-07,0.21961050636561988,0.1597185985266104,0.07030317785835537
454,150,1.7000000000000002,6.0,8,PENDING,PENDING,0.0,-0.0,1.5229248302276144e-06,1.2151182093019386e-06,0.21084167574730664,0.24468203568372413,0.13073758440007058
453,151,1.7000000000000002,6.0,9,PENDING,PENDING,0.0,-0.0,2.3593073670709934e-06,1.8824549223744044e-06,0.21510188580734543,0.3351236605594672,0.2023515736638533
452,152,1.7000000000000002,6.5,5,PENDING,PENDING,0.0,-0.0,2.2942889792730188e-06,1.830577754582107e-06,0.2167593564508136,0.3267250033969711,0.19648994318191876
451,153,1.85,10.0,9,PENDING,PENDING,0.0,-0.0,2.374134704746422e-06,1.8942854261834395e-06,0.2293110457342411,0.33415991572291465,0.20756755060693333
450,154,2.0,5.0,6,PENDING,PENDING,0.0,-0.0,1.938498059345825e-06,1.5466976726983505e-06,0.20529593795900963,0.297120393970718,0.16884227120707657
449,155,2.0,5.0,7,PENDING,PENDING,0.0,-0.0,1.6437570763097201e-06,1.3115283928979832e-06,0.2035009711540468,0.26592577906220766,0.14414944657301448
448,156,2.0,5.0,8,PENDING,PENDING,0.0,-0.0,1.9390582769423572e-06,1.5471446616693137e-06,0.20537561221977832,0.2971577871025689,0.16890295394191446
447,157,2.0,5.0,9,PENDING,PENDING,0.0,-0.0,2.6919093890977333e-06,2.1478329406413548e-06,0.21002182266326752,0.3771498789012648,0.2330672873654728
446,158,2.0,5.5,5,PENDING,PENDING,0.0,-0.0,2.6059316795599283e-06,2.0792326536279467e-06,0.21124429688662136,0.3663261173247646,0.22511300751119617
445,159,2.0,5.5,6,PENDING,PENDING,0.0,-0.0,1.832382992195999e-06,1.4620300989509449e-06,0.20676093912491733,0.28373062971906887,0.1590965446063104
444,160,2.0,5.5,7,PENDING,PENDING,0.0,-0.0,1.5287893387226647e-06,1.2197974100868364e-06,0.2049940567502056,0.25144002837365365,0.13365863330290403
443,161,2.0,5.5,8,PENDING,PENDING,0.0,-0.0,1.8329379795966715e-06,1.4624729148293816e-06,0.20684309329165282,0.28376811967222865,0.15915792074803395
442,162,2.0,5.5,9,PENDING,PENDING,0.0,-0.0,2.6066924808353403e-06,2.0798396852194373e-06,0.21138778907603067,0.36637369091815575,0.22521064891405368
441,163,2.0,6.0,5,PENDING,PENDING,0.0,-0.0,2.5335628298166346e-06,2.0214906657347104e-06,0.21277610818191386,0.357057210125716,0.21850897129922592
440,164,2.0,6.0,6,PENDING,PENDING,0.0,-0.0,1.7423985073502058e-06,1.3902328677806871e-06,0.20843758521800437,0.2722180886046186,0.1508978587355138
439,165,2.0,6.0,7,PENDING,PENDING,0.0,-0.0,1.431348312416933e-06,1.1420507196087072e-06,0.20671689443898797,0.23898564841950368,0.12483610010141483
438,166,2.0,6.0,8,PENDING,PENDING,0.0,-0.0,1.742940078713035e-06,1.3906649792096616e-06,0.20852200386812103,0.2722549642019646,0.15095933147555368
437,167,2.0,6.0,9,PENDING,PENDING,0.0,-0.0,2.534297660110143e-06,2.0220769754807108e-06,0.21292315431273034,0.35710331499614945,0.218606765030099
436,168,2.0,6.5,5,PENDING,PENDING,0.0,-0.0,2.4748817621522088e-06,1.974669947833837e-06,0.21446975613461056,0.3494206181592514,0.21325079790741375
435,169,2.0,5.0,5,PENDING,PENDING,0.0,-0.0,2.694478225872843e-06,2.1498825758434377e-06,0.21044277608596362,0.3773239569530498,0.23338155501801824
434,170,1.85,10.0,8,PENDING,PENDING,0.0,-0.0,1.5519422169336545e-06,1.2382707341495341e-06,0.22808874114979616,0.24435895012184491,0.1372017036010284
433,171,2.0,6.5,7,PENDING,PENDING,0.0,-0.0,1.3530934981616623e-06,1.0796124115059307e-06,0.20870970480104314,0.22877964485169058,0.11784475270151645
432,172,1.85,10.0,7,PENDING,PENDING,0.0,-0.0,1.2297888478400595e-06,9.812295347391277e-07,0.22740450390008768,0.20928170870971388,0.11007135625571675
431,173,1.85,8.5,7,PENDING,PENDING,0.0,-0.0,1.0965238927868164e-06,8.748994846060573e-07,0.2194163075524738,0.1944878774525426,0.09594254711580202
430,174,1.85,8.5,8,PENDING,PENDING,0.0,-0.0,1.4320072670112312e-06,1.142576489305768e-06,0.2206971837274969,0.2309864526478873,0.12405840606990323
429,175,1.85,8.5,9,PENDING,PENDING,0.0,-0.0,2.2815732843622844e-06,1.8204320979329524e-06,0.22369597502917019,0.3236770469047176,0.1970013817153216
428,176,1.85,9.0,5,PENDING,PENDING,0.0,-0.0,2.2964691681357374e-06,1.8323172936153044e-06,0.22585992483344225,0.32513903943945305,0.19905092556149467
427,177,1.85,9.0,6,PENDING,PENDING,0.0,-0.0,1.4527765365017132e-06,1.1591479687713774e-06,0.2233096548150849,0.2330139411370617,0.126615845700856
426,178,1.85,9.0,7,PENDING,PENDING,0.0,-0.0,1.1203344368688412e-06,8.938975501134208e-07,0.22228280143386955,0.19679886873526656,0.09872072290281372
425,179,1.85,9.0,8,PENDING,PENDING,0.0,-0.0,1.4528812688496373e-06,1.1592315330948027e-06,0.2234031871670063,0.23300962311988566,0.12664873888656478
424,180,1.85,9.0,9,PENDING,PENDING,0.0,-0.0,2.2965435265820134e-06,1.8323766230715534e-06,0.22602121241466486,0.325122860045177,0.19910602505944602
423,181,1.85,9.5,5,PENDING,PENDING,0.0,-0.0,2.326737923206439e-06,1.8564682659609408e-06,0.22823296492347403,0.3285007640382208,0.20267990818144885
422,182,1.85,9.5,6,PENDING,PENDING,0.0,-0.0,1.492823802406006e-06,1.1911010639387796e-06,0.22607892802759358,0.23743839037312778,0.13108648990411598
421,183,1.85,9.5,7,PENDING,PENDING,0.0,-0.0,1.1648974983571261e-06,9.294537288570322e-07,0.22522009901539275,0.20171044846123765,0.10350960525839255
420,184,1.85,9.5,8,PENDING,PENDING,0.0,-0.0,1.4928647386417362e-06,1.1911337263292462e-06,0.22617237594364,0.2374288416055562,0.1311157228526501
419,185,1.85,9.5,9,PENDING,PENDING,0.0,-0.0,2.326725951806587e-06,1.8564587141658278e-06,0.22839419340446232,0.32847778822005164,0.20273000692503623
418,186,1.85,10.0,5,PENDING,PENDING,0.0,-0.0,2.3717253646201914e-06,1.8923630508949971e-06,0.23062849698593432,0.3337108884963547,0.2077749625897742
417,187,1.85,10.0,6,PENDING,PENDING,0.0,-0.0,1.551218895463031e-06,1.2376936071156266e-06,0.22887651932806855,0.24416630318306295,0.1373652993392302
416,188,2.0,6.5,6,PENDING,PENDING,0.0,-0.0,1.6751974823319254e-06,1.336614207448474e-06,0.21114452239389372,0.26315886101904495,0.14499826578299307
415,189,2.0,6.5,8,PENDING,PENDING,0.0,-0.0,1.6755183645348897e-06,1.3368702344040558e-06,0.21118822462777997,0.26318425302678167,0.14503483834047465
414,190,1.7000000000000002,6.5,6,PENDING,PENDING,0.0,-0.0,1.4497685684732424e-06,1.1567479575220718e-06,0.21446396960586192,0.23466828199525522,0.12448470592520783
413,191,2.0,8.5,7,PENDING,PENDING,0.0,-0.0,1.2435880820523702e-06,9.922397306680332e-07,0.21843398130508632,0.2126614873743247,0.1092691362651914
412,192,2.0,8.5,9,PENDING,PENDING,0.0,-0.0,2.3880751995208287e-06,1.9054083317338916e-06,0.222745715318623,0.33689281725297,0.20693269478346027
411,193,2.0,9.0,5,PENDING,PENDING,0.0,-0.0,2.403558953066164e-06,1.9177625796309912e-06,0.22485888893808925,0.33840608989392534,0.2090080014653689
410,194,2.0,9.0,6,PENDING,PENDING,0.0,-0.0,1.5882558833099303e-06,1.2672448478973108e-06,0.22221964534657274,0.24976053372502452,0.13904400943500195
409,195,2.0,9.0,7,PENDING,PENDING,0.0,-0.0,1.2681399670633562e-06,1.0118293006569062e-06,0.22116959771937825,0.21504525553570722,0.11209880859652863
408,196,2.0,9.0,8,PENDING,PENDING,0.0,-0.0,1.5885467712572198e-06,1.2674769428993768e-06,0.2223110381422757,0.2497781094077578,0.13909350107914203
407,197,2.0,9.0,9,PENDING,PENDING,0.0,-0.0,2.4039292846122853e-06,1.9180580614540195e-06,0.22501694812020578,0.33842480129358693,0.20908943957714377
406,198,2.0,9.5,5,PENDING,PENDING,0.0,-0.0,2.434243477117544e-06,1.9422452876271714e-06,0.22718048968223292,0.3417874890198394,0.21263964747187142
405,199,2.0,9.5,6,PENDING,PENDING,0.0,-0.0,1.6286407505918899e-06,1.299467309991659e-06,0.22491888082760647,0.25418589531524877,0.14352052147456568
404,200,2.0,9.5,7,PENDING,PENDING,0.0,-0.0,1.3129272605490446e-06,1.0475643906492837e-06,0.2240265285264209,0.21994063358305505,0.1169037019753996
403,201,2.0,9.5,8,PENDING,PENDING,0.0,-0.0,1.6288699065209603e-06,1.2996501499694808e-06,0.22501012088028585,0.254198406649925,0.14356643412409195
402,202,2.0,9.5,9,PENDING,PENDING,0.0,-0.0,2.4345295104830543e-06,1.9424735092333868e-06,0.2273383819743818,0.34179953738620483,0.2127161382226286
401,203,2.0,10.0,5,PENDING,PENDING,0.0,-0.0,2.4791799744569738e-06,1.9780994250708616e-06,0.22952803508139033,0.34695145081842815,0.21768812915152563
400,204,2.0,10.0,6,PENDING,PENDING,0.0,-0.0,1.6867397809198295e-06,1.3458236292879395e-06,0.22765077693085287,0.26082540954663513,0.1497417013488957
399,205,2.0,10.0,7,PENDING,PENDING,0.0,-0.0,1.3768429440748013e-06,1.098561727727647e-06,0.22691874735413037,0.22722631771366164,0.12358124744075316
398,206,2.0,10.0,8,PENDING,PENDING,0.0,-0.0,1.6869057670238482e-06,1.345956067037644e-06,0.2277414819427172,0.2608327472287105,0.1497838428986484
397,207,2.0,8.5,8,PENDING,PENDING,0.0,-0.0,1.5699595849631151e-06,1.252646513926544e-06,0.22040970306062208,0.24790154783149781,0.13690467152516378
396,208,2.0,8.5,6,PENDING,PENDING,0.0,-0.0,1.5701918670148282e-06,1.2528318481893574e-06,0.22045561925301435,0.24792004287720443,0.13693684869465392
395,209,2.0,6.5,9,PENDING,PENDING,0.0,-0.0,2.484024225077414e-06,1.9819645778495706e-06,0.21602443170136112,0.3501179440176199,0.21444824114656605
394,210,2.0,8.5,5,PENDING,PENDING,0.0,-0.0,2.390625442692954e-06,1.9074431313872232e-06,0.22345801834111576,0.33707184854520295,0.207372749064306
393,211,2.0,7.0,5,PENDING,PENDING,0.0,-0.0,2.4384495000968788e-06,1.9456012084247648e-06,0.21777832361752786,0.3441173788641662,0.21049373737405402
392,212,2.0,7.0,6,PENDING,PENDING,0.0,-0.0,1.6268543304382133e-06,1.2980419529319334e-06,0.21408551763549705,0.2564000623311421,0.14095846917910224
391,213,2.0,7.0,7,PENDING,PENDING,0.0,-0.0,1.3076362232483536e-06,1.0433427536764304e-06,0.21261065965457487,0.22200858476194085,0.11417359564068125
390,214,2.0,7.0,8,PENDING,PENDING,0.0,-0.0,1.62759445614752e-06,1.2986324878084425e-06,0.21417548024732447,0.2564650101813373,0.14104341561684264
389,215,2.0,7.0,9,PENDING,PENDING,0.0,-0.0,2.4395001537605434e-06,1.946439508761754e-06,0.21793399149327985,0.3442081748070579,0.21063006628103637
388,216,2.0,7.5,5,PENDING,PENDING,0.0,-0.0,2.40843787193026e-06,1.921655393666063e-06,0.21977798828905679,0.3399900517367578,0.20810685538145932
387,217,2.0,7.5,6,PENDING,PENDING,0.0,-0.0,1.5905647708581858e-06,1.2690870736246939e-06,0.21636196962881163,0.2513661907232018,0.13798353741992395
386,218,2.0,7.5,7,PENDING,PENDING,0.0,-0.0,1.2688588413586066e-06,1.0124028793582445e-06,0.21499522426544249,0.2166104720732205,0.1109773308552493
385,219,2.0,7.5,8,PENDING,PENDING,0.0,-0.0,1.5912661388947303e-06,1.2696466843524934e-06,0.21645317907222403,0.25142835718320744,0.13806678470188022
384,220,2.0,7.5,9,PENDING,PENDING,0.0,-0.0,2.4094318264685145e-06,1.9224484546462766e-06,0.2199356020902655,0.34007687597506797,0.20824093297663554
383,221,2.0,8.0,5,PENDING,PENDING,0.0,-0.0,2.393461263150546e-06,1.9097057887475446e-06,0.22189045962112144,0.33771727171082055,0.20721761835891844
382,222,2.0,8.0,6,PENDING,PENDING,0.0,-0.0,1.5733372560184885e-06,1.2553415055130972e-06,0.21878616434931947,0.2486749118444155,0.1368638702302702
381,223,2.0,8.0,7,PENDING,PENDING,0.0,-0.0,1.2509075906552568e-06,9.9807985357494e-07,0.21754475719128955,0.2137664432610654,0.10977417910075887
380,224,2.0,8.0,8,PENDING,PENDING,0.0,-0.0,1.5739910015446783e-06,1.255863118975138e-06,0.2188782406758135,0.24873340396915153,0.13694472455205567
379,225,2.0,8.0,9,PENDING,PENDING,0.0,-0.0,2.3943877722600717e-06,1.9104450360614788e-06,0.22204944743557847,0.3377990573415521,0.20734846655617759
378,226,1.85,8.5,6,PENDING,PENDING,0.0,-0.0,1.4410952435740123e-06,1.149827645494149e-06,0.22314806328725922,0.23161476334900483,0.1254824129273755
377,227,1.85,8.5,5,PENDING,PENDING,0.0,-0.0,2.2875738052399184e-06,1.8252198208979917e-06,0.22580695553922278,0.32405691720680596,0.19818275962584325
376,228,1.85,8.0,9,PENDING,PENDING,0.0,-0.0,2.290460518712067e-06,1.827523085008881e-06,0.22378652340091446,0.32475073014343137,0.19787801248635112
375,229,1.7000000000000002,8.0,9,PENDING,PENDING,0.0,-0.0,2.19911932030668e-06,1.7546433530359914e-06,0.22559117006409266,0.31323022571192394,0.18963590836945082
374,230,1.7000000000000002,8.5,6,PENDING,PENDING,0.0,-0.0,1.3242648177781966e-06,1.056610452519643e-06,0.22538877300311685,0.21691025030399771,0.11511325846027816
373,231,1.7000000000000002,8.5,7,PENDING,PENDING,0.0,-0.0,9.80441625877959e-07,7.822792360564827e-07,0.22444700998709197,0.17928294402054767,0.08638436822152826
372,232,1.7000000000000002,8.5,8,PENDING,PENDING,0.0,-0.0,1.3247514458812918e-06,1.0569987255699555e-06,0.2254865466946162,0.2169542321003348,0.11518399606868984
371,233,1.7000000000000002,8.5,9,PENDING,PENDING,0.0,-0.0,2.19528491407595e-06,1.7515839395046457e-06,0.22787089252422738,0.3124210912531533,0.18995583898155685
370,234,1.7000000000000002,9.0,5,PENDING,PENDING,0.0,-0.0,2.206889885613606e-06,1.7608433671230978e-06,0.23008337561103767,0.31356901767803413,0.19177953375909984
369,235,1.7000000000000002,9.0,6,PENDING,PENDING,0.0,-0.0,1.341398856010488e-06,1.0702814370893944e-06,0.22816772266834096,0.21860167019247104,0.11746618625117913
368,236,1.7000000000000002,9.0,7,PENDING,PENDING,0.0,-0.0,9.999841353544525e-07,7.978719026471204e-07,0.2273958358812003,0.1812156055252609,0.0888830099811463
367,237,1.7000000000000002,9.0,8,PENDING,PENDING,0.0,-0.0,1.3418156796864436e-06,1.0706140142650163e-06,0.2282655446992723,0.21863971797611165,0.11753282103804613
366,238,1.7000000000000002,9.0,9,PENDING,PENDING,0.0,-0.0,2.2074689653426646e-06,1.7613054058983877e-06,0.23025108317419649,0.31362101899264677,0.19189058375902068
365,239,1.7000000000000002,9.5,5,PENDING,PENDING,0.0,-0.0,2.234740909090254e-06,1.7830652687576734e-06,0.2324965926273986,0.3167406804057704,0.19527584973772158
364,240,1.7000000000000002,9.5,6,PENDING,PENDING,0.0,-0.0,1.3781190296290413e-06,1.0995798966896387e-06,0.23099056337421386,0.22276275108355378,0.12174079812653821
363,241,1.7000000000000002,9.5,7,PENDING,PENDING,0.0,-0.0,1.040802680877606e-06,8.304403899144735e-07,0.2303935764050767,0.1858304814603157,0.09343634550450268
362,242,1.7000000000000002,9.5,8,PENDING,PENDING,0.0,-0.0,1.3784627432940493e-06,1.0998541405162856e-06,0.23108798905393646,0.2227945168414201,0.12180300605413044
361,243,1.7000000000000002,9.5,9,PENDING,PENDING,0.0,-0.0,2.2352221909029283e-06,1.7834492760854014e-06,0.23266378503013171,0.3167845891359663,0.195380778897934
360,244,1.7000000000000002,10.0,5,PENDING,PENDING,0.0,-0.0,2.2777223767094054e-06,1.8173595181716426e-06,0.23491635318095824,0.32182041557110735,0.20027827933034376
359,245,1.7000000000000002,8.5,5,PENDING,PENDING,0.0,-0.0,2.197566520849821e-06,1.7534043983233403e-06,0.2283745519795207,0.31263396469670157,0.19033275470811817
358,246,1.7000000000000002,8.0,8,PENDING,PENDING,0.0,-0.0,1.3336186184897939e-06,1.0640737056922533e-06,0.22371430667220318,0.21834257811986418,0.1155674350199963
357,247,1.85,8.0,8,PENDING,PENDING,0.0,-0.0,1.450107564494802e-06,1.1570184372138478e-06,0.2217601304134182,0.23298404169326922,0.12599431402924013
356,248,1.7000000000000002,8.0,7,PENDING,PENDING,0.0,-0.0,9.90663298389916e-07,7.90434950739356e-07,0.2227283195609804,0.18084531077463922,0.08693733757304506
355,249,1.7000000000000002,6.5,7,PENDING,PENDING,0.0,-0.0,1.1389876518095282e-06,9.087806623239324e-07,0.21581222692414836,0.20055135027554732,0.09918338088756795
354,250,1.7000000000000002,6.5,8,PENDING,PENDING,0.0,-0.0,1.4723767497854769e-06,1.1747866763389357e-06,0.21727175944065852,0.2367054801385417,0.12711188978015542
353,251,1.7000000000000002,6.5,9,PENDING,PENDING,0.0,-0.0,2.3155455197045986e-06,1.8475380200085463e-06,0.22071431385395537,0.3284218098383351,0.199460530494002
352,252,1.7000000000000002,7.0,5,PENDING,PENDING,0.0,-0.0,2.263131666846796e-06,1.8057178160411126e-06,0.2225774662465376,0.3216210051984556,0.1949286423120794
351,253,1.7000000000000002,7.0,6,PENDING,PENDING,0.0,-0.0,1.4080773980416233e-06,1.1234832163128821e-06,0.2194811079333821,0.22831851835231376,0.12155700770528317
350,254,1.7000000000000002,7.0,7,PENDING,PENDING,0.0,-0.0,1.0704721480765133e-06,8.541131997197287e-07,0.21822275361993954,0.19157487955502292,0.09333307368412715
349,255,1.7000000000000002,7.0,8,PENDING,PENDING,0.0,-0.0,1.4089910678652444e-06,1.1242122193588209e-06,0.21957748209982253,0.22840911128668914,0.12166285828651505
348,256,1.7000000000000002,7.0,9,PENDING,PENDING,0.0,-0.0,2.2644515508553054e-06,1.8067709311135527e-06,0.22274281689984832,0.3217516709071106,0.19509963204292965
347,257,1.7000000000000002,7.5,5,PENDING,PENDING,0.0,-0.0,2.2273326488173462e-06,1.7771543322635111e-06,0.22472520072708596,0.3168398812577986,0.19209235270735492
346,258,1.7000000000000002,7.5,6,PENDING,PENDING,0.0,-0.0,1.364095315560938e-06,1.088390591749585e-06,0.2219467825489834,0.22241222440202812,0.11799505939642727
345,259,1.7000000000000002,7.5,7,PENDING,PENDING,0.0,-0.0,1.023157066731981e-06,8.163612268217947e-07,0.2208153020007648,0.18520673371677795,0.0895066616158135
344,260,1.7000000000000002,7.5,8,PENDING,PENDING,0.0,-0.0,1.3649624287643256e-06,1.0890824479870363e-06,0.22204436149024032,0.22249944429313012,0.11809865696059413
343,261,1.7000000000000002,7.5,9,PENDING,PENDING,0.0,-0.0,2.2285864805001516e-06,1.778154745205067e-06,0.22489238368864758,0.3169659152021106,0.19226051130898997
342,262,1.7000000000000002,8.0,5,PENDING,PENDING,0.0,-0.0,2.2071546504884185e-06,1.7610546189289536e-06,0.22697416942353119,0.314007044563128,0.19081959700616205
341,263,1.7000000000000002,8.0,6,PENDING,PENDING,0.0,-0.0,1.339959050599166e-06,1.06913263858114e-06,0.22454823558182066,0.21897532852352825,0.11636679071365831
340,264,1.7000000000000002,10.0,6,PENDING,PENDING,0.0,-0.0,1.4368402136421937e-06,1.146432622805797e-06,0.23473935215777095,0.22961831523112106,0.12847665705370365
339,265,1.7000000000000002,10.0,7,PENDING,PENDING,0.0,-0.0,1.1056558343290695e-06,8.821857197727753e-07,0.2343708810374886,0.19338602881855047,0.10062274083382078
338,266,1.7000000000000002,10.0,8,PENDING,PENDING,0.0,-0.0,1.4372350536554394e-06,1.146747659556353e-06,0.23483615485934742,0.22965985463605096,0.12854687863639452
337,267,1.7000000000000002,10.0,9,PENDING,PENDING,0.0,-0.0,2.2804991144772586e-06,1.819575034366011e-06,0.23587196340889066,0.3221001371484956,0.20090366184963615
336,268,1.85,6.5,8,PENDING,PENDING,0.0,-0.0,1.5881659817548517e-06,1.2671731168345214e-06,0.21632512332173082,0.25108318097812066,0.13775206528154466
335,269,1.85,6.5,9,PENDING,PENDING,0.0,-0.0,2.4072292903465396e-06,1.920691085079942e-06,0.2198269109753354,0.33983160747799374,0.20800353388027926
334,270,1.85,7.0,5,PENDING,PENDING,0.0,-0.0,2.357252455405529e-06,1.8808153400827168e-06,0.22163766170197954,0.3333395915670072,0.20368890838098325
333,271,1.85,7.0,6,PENDING,PENDING,0.0,-0.0,1.5273177817338109e-06,1.2186232774850883e-06,0.2184676222612118,0.24313333124532077,0.1324903431260979
332,272,1.85,7.0,7,PENDING,PENDING,0.0,-0.0,1.2007267029070813e-06,9.580412979932892e-07,0.21719467456534186,0.20773643991740537,0.10509081631687195
331,273,1.85,7.0,8,PENDING,PENDING,0.0,-0.0,1.5284013070776393e-06,1.2194878056281677e-06,0.21856232447059062,0.2432435440923193,0.13261150676370176
330,274,1.85,7.0,9,PENDING,PENDING,0.0,-0.0,2.3588474431067092e-06,1.8820879561441587e-06,0.221800553575771,0.3335021836851361,0.2038843292312209
329,275,1.85,7.5,5,PENDING,PENDING,0.0,-0.0,2.3238152353386006e-06,1.8541362984351466e-06,0.22373033201753229,0.32884835664366585,0.20105651290481696
328,276,1.85,7.5,6,PENDING,PENDING,0.0,-0.0,1.48646398580418e-06,1.186026664462645e-06,0.22086255367541185,0.23761267966066008,0.12918989738303904
327,277,1.85,7.5,7,PENDING,PENDING,0.0,-0.0,1.1568839389723083e-06,9.230598335468092e-07,0.2197092840960198,0.2017972899366295,0.10154011611716383
326,278,1.85,7.5,8,PENDING,PENDING,0.0,-0.0,1.4875058479903823e-06,1.1868579502155002e-06,0.22095833887653094,0.2377200652031146,0.1293092196809222
325,279,1.85,7.5,9,PENDING,PENDING,0.0,-0.0,2.3253507457564993e-06,1.8553614584905399e-06,0.22389488861291615,0.32900705940224817,0.201249628766631
324,280,1.85,8.0,5,PENDING,PENDING,0.0,-0.0,2.3056217434337734e-06,1.8396199921371931e-06,0.22592470141268978,0.3262505280679515,0.19994716028551124
323,281,1.85,8.0,6,PENDING,PENDING,0.0,-0.0,1.464919839404164e-06,1.1688369226743954e-06,0.22339215969377038,0.23448379659379154,0.12777352292101152
322,282,1.85,8.0,7,PENDING,PENDING,0.0,-0.0,1.1341290782919584e-06,9.049040815267378e-07,0.22237522505884785,0.19846583636418672,0.10000948917999075
321,283,1.85,6.5,7,PENDING,PENDING,0.0,-0.0,1.2756619816054187e-06,1.0178309999261525e-06,0.2156493379648324,0.2172634658506048,0.11171449461215899
320,284,1.85,6.5,6,PENDING,PENDING,0.0,-0.0,1.5975356785466247e-06,1.2746490532440812e-06,0.21707324478582327,0.2520361972651639,0.13877522253233038
319,285,1.85,6.5,5,PENDING,PENDING,0.0,-0.0,2.414201721000058e-06,1.926254279849653e-06,0.22047146226110517,0.3405437922675602,0.2088312206316901
318,286,1.85,5.5,6,PENDING,PENDING,0.0,-0.0,1.7783921557236279e-06,1.4189516441048079e-06,0.2136572384896454,0.2749432165023609,0.15505638506230612
317,287,1.85,5.0,5,PENDING,PENDING,0.0,-0.0,2.6507487608929114e-06,2.11499151088378e-06,0.2160328931838178,0.3703872665101814,0.23031692974568724
316,288,1.85,5.0,6,PENDING,PENDING,0.0,-0.0,1.8939575024072166e-06,1.511159449987474e-06,0.21226790680109398,0.2893506490731023,0.16562795331937186
315,289,1.85,5.0,7,PENDING,PENDING,0.0,-0.0,1.5984193230339744e-06,1.275354099537776e-06,0.21079477163353255,0.2578191280569514,0.140766001405144
314,290,1.85,5.0,8,PENDING,PENDING,0.0,-0.0,1.8953123924441345e-06,1.5122404958295162e-06,0.2123560885208308,0.28948775248539294,0.16576935442353885
313,291,1.85,5.0,9,PENDING,PENDING,0.0,-0.0,2.65279201940059e-06,2.1166217953007862e-06,0.21618587143651183,0.3705949657210662,0.2305446179616146
312,292,1.85,5.5,5,PENDING,PENDING,0.0,-0.0,2.5617170054351756e-06,2.043954447782877e-06,0.21758845540764013,0.3591823625760605,0.2221997363487553
311,293,1.85,5.5,7,PENDING,PENDING,0.0,-0.0,1.4775913247179906e-06,1.178947305168738e-06,0.2125015428419616,0.24267487133937943,0.1298410489168354
310,294,1.85,6.0,9,PENDING,PENDING,0.0,-0.0,2.4837729329478344e-06,1.9817640757391278e-06,0.21918113293116245,0.3493172982854366,0.21515077098903285
309,295,1.85,5.5,8,PENDING,PENDING,0.0,-0.0,1.784439314826633e-06,1.423776578989814e-06,0.21406413819912706,0.2755606629366257,0.1556943004153165
308,296,1.85,5.5,9,PENDING,PENDING,0.0,-0.0,2.5637683249823047e-06,2.045591163978804e-06,0.21774504532050823,0.35939353791687095,0.22243133072255739
307,297,1.85,6.0,5,PENDING,PENDING,0.0,-0.0,2.485279098559107e-06,1.9829658220263743e-06,0.2193008108778169,0.3494737252444264,0.2153236524982097
306,298,1.85,6.0,6,PENDING,PENDING,0.0,-0.0,1.6879213130275818e-06,1.346766355514808e-06,0.2158765705592736,0.2633455599137792,0.14699912778092444
305,299,1.85,6.0,7,PENDING,PENDING,0.0,-0.0,1.3753248407392267e-06,1.0973504565144888e-06,0.21451893923748452,0.22968807959093718,0.12071509814285038
304,300,1.85,6.0,8,PENDING,PENDING,0.0,-0.0,1.689284270412779e-06,1.347853838169489e-06,0.21596916806850291,0.26348699650031393,0.14714450932827838
303,301,1.25,7.5,9,PENDING,PENDING,0.0,-0.0,2.057979763052186e-06,1.6420302793840786e-06,0.23259583972933473,0.29496836411078003,0.1783027495693157
302,302,0.5,5.0,5,PENDING,PENDING,0.0,-0.0,2.495972621058901e-06,1.991498018529558e-06,0.23345334969023807,0.34859261468539005,0.22065767873732536
301,303,0.5,5.0,6,PENDING,PENDING,0.0,-0.0,1.7099231305580174e-06,1.3643212660319444e-06,0.23218831580263716,0.26309976166551824,0.1533371102690962
300,304,0.65,9.0,5,PENDING,PENDING,0.0,-0.0,1.973157012627765e-06,1.5743515164155982e-06,0.24851845203749526,0.28427377747890803,0.176632601595122
299,305,0.65,9.0,7,PENDING,PENDING,0.0,-0.0,6.74149065211397e-07,5.378931308118578e-07,0.25026272228046864,0.14045355554265304,0.06664088568200657
298,306,0.65,9.0,8,PENDING,PENDING,0.0,-0.0,1.043879547660497e-06,8.328953744161894e-07,0.24979497837447945,0.18135501750547192,0.09731791859871897
297,307,0.65,9.0,9,PENDING,PENDING,0.0,-0.0,1.9733828564464915e-06,1.574531713711713e-06,0.24865041199963073,0.2843101435946408,0.17671708292223937
296,308,0.65,9.5,5,PENDING,PENDING,0.0,-0.0,1.985289043534834e-06,1.5840314765675318e-06,0.2509419711507849,0.2859566012669015,0.17898239457767062
295,309,0.65,9.5,6,PENDING,PENDING,0.0,-0.0,1.0583441763573518e-06,8.44436478331156e-07,0.2525896813277488,0.183389897454194,0.09995241112237659
294,310,0.65,9.5,7,PENDING,PENDING,0.0,-0.0,6.895426836563682e-07,5.501754613039906e-07,0.25334870504959556,0.1426454688227734,0.069368020231894
293,311,0.65,9.5,8,PENDING,PENDING,0.0,-0.0,1.0584233703547933e-06,8.444996659990228e-07,0.2526924553483478,0.18341019722416624,0.10000782573902017
292,312,0.65,9.5,9,PENDING,PENDING,0.0,-0.0,1.9854805323651597e-06,1.5841842625488148e-06,0.2511168147119125,0.2859955575866373,0.17908750141487362
291,313,0.65,10.0,5,PENDING,PENDING,0.0,-0.0,2.0140935026084185e-06,1.607014109744623e-06,0.25334688548783363,0.2897560125659392,0.1829923131210377
290,314,0.65,10.0,6,PENDING,PENDING,0.0,-0.0,1.094096766690349e-06,8.729629181665642e-07,0.2553997709882498,0.18813157531171368,0.10469033993247034
289,315,0.65,10.0,7,PENDING,PENDING,0.0,-0.0,7.28079035122417e-07,5.809230211684237e-07,0.25633096556189844,0.14777136602016666,0.07429215741741335
288,316,0.65,10.0,8,PENDING,PENDING,0.0,-0.0,1.0941017118594862e-06,8.729668638406694e-07,0.255501311577008,0.18814535864675153,0.10474089729131925
287,317,0.65,10.0,9,PENDING,PENDING,0.0,-0.0,2.0141848654011118e-06,1.6070870067063447e-06,0.25351991671434687,0.2897864635832423,0.18309045195415652
286,318,0.8,5.0,5,PENDING,PENDING,0.0,-0.0,2.4346646718307064e-06,1.9425813523858955e-06,0.22987819874489757,0.34148270921092155,0.2135482022748253
285,319,0.8,5.0,6,PENDING,PENDING,0.0,-0.0,1.6311120911217962e-06,1.3014391544449577e-06,0.22803697640266402,0.25400870106979245,0.14462643909056563
284,320,0.65,9.0,6,PENDING,PENDING,0.0,-0.0,1.0453881175656975e-06,8.340990390524408e-07,0.2505183470000268,0.18159821520390454,0.0977815487966614
283,321,0.65,8.5,9,PENDING,PENDING,0.0,-0.0,1.9805256676560736e-06,1.580230852496568e-06,0.2469847854781035,0.28510037580149394,0.17663006893352828
282,322,0.8,5.0,8,PENDING,PENDING,0.0,-0.0,1.6327451273222469e-06,1.3027421288165296e-06,0.22817835589392113,0.25418802295196513,0.14482149988379775
281,323,0.65,8.5,8,PENDING,PENDING,0.0,-0.0,1.054123621131251e-06,8.410689624782342e-07,0.24798707209232904,0.18250131809613643,0.09750044157691637
280,324,0.65,7.0,8,PENDING,PENDING,0.0,-0.0,1.2060137174336587e-06,9.622597252567859e-07,0.2400434867563781,0.20107185386128426,0.10863633848032145
279,325,0.65,7.0,9,PENDING,PENDING,0.0,-0.0,2.0988206387398945e-06,1.6746165835449701e-06,0.24036093613160925,0.2996011488521603,0.18518187483484597
278,326,0.65,7.5,5,PENDING,PENDING,0.0,-0.0,2.043660131844133e-06,1.6306048667267822e-06,0.24263865847785407,0.29278550241004797,0.18080900864902347
277,327,0.65,7.5,6,PENDING,PENDING,0.0,-0.0,1.135986012553384e-06,9.063857007043552e-07,0.2428157701731051,0.19243393219186977,0.10310147650631069
276,328,0.65,7.5,7,PENDING,PENDING,0.0,-0.0,7.766931973475248e-07,6.197115106442031e-07,0.24292801198285627,0.1527727883227188,0.07320609474064599
275,329,0.65,7.5,8,PENDING,PENDING,0.0,-0.0,1.1366437448925638e-06,9.069104951829275e-07,0.24291817031174592,0.19251595102592037,0.10320334578679259
274,330,0.65,7.5,9,PENDING,PENDING,0.0,-0.0,2.0446901339134253e-06,1.6314266894754653e-06,0.2428131116248675,0.2929140639645619,0.1809833639703018
273,331,0.65,8.0,5,PENDING,PENDING,0.0,-0.0,2.0053343066118447e-06,1.6000252824939104e-06,0.24513293576967637,0.2880961581655303,0.17819224711090131
272,332,0.65,8.0,6,PENDING,PENDING,0.0,-0.0,1.0863999027691368e-06,8.668217092772284e-07,0.24575097875761076,0.1863826904687358,0.09960670795708669
271,333,0.65,8.0,7,PENDING,PENDING,0.0,-0.0,7.219616820765066e-07,5.760420796201114e-07,0.24605631407383063,0.14610462568470162,0.06935516729574762
270,334,0.65,8.0,8,PENDING,PENDING,0.0,-0.0,1.0869866838462778e-06,8.672898928392505e-07,0.24585390401885057,0.18645894619807632,0.09970427837575946
269,335,0.65,8.0,9,PENDING,PENDING,0.0,-0.0,2.0062709568883985e-06,1.6007726212884442e-06,0.24530811374586814,0.2882175179384191,0.17836137101795885
268,336,0.65,8.5,5,PENDING,PENDING,0.0,-0.0,1.9832560735375935e-06,1.5824094011941582e-06,0.24764302028626467,0.2854722335298413,0.17720020300461659
267,337,0.65,8.5,6,PENDING,PENDING,0.0,-0.0,1.0572979490613371e-06,8.436017097245754e-07,0.2487091925497922,0.18293777815327938,0.09811013535832923
266,338,0.65,8.5,7,PENDING,PENDING,0.0,-0.0,6.894866080814487e-07,5.501307194685241e-07,0.2492125855527629,0.14226937506981616,0.06761917568477699
265,339,0.8,5.0,7,PENDING,PENDING,0.0,-0.0,1.3288619120540648e-06,1.0602784030669134e-06,0.22826476917505512,0.22120983556310908,0.11949701367041336
264,340,0.8,5.0,9,PENDING,PENDING,0.0,-0.0,2.4442434282268344e-06,1.9502240942260578e-06,0.23077246010172286,0.34254894108467343,0.21476580169103193
263,341,0.65,7.0,6,PENDING,PENDING,0.0,-0.0,1.21270157178596e-06,9.675958609893852e-07,0.24090448981678098,0.2018827537874526,0.10958920534759183
262,342,0.8,7.0,8,PENDING,PENDING,0.0,-0.0,1.1869622350789637e-06,9.470588416255664e-07,0.23833338213221925,0.19877180193964958,0.10622264200614678
261,343,0.8,7.5,5,PENDING,PENDING,0.0,-0.0,2.0298780204435163e-06,1.6196083328249648e-06,0.24112678718219682,0.2910834577787058,0.1788395425093059
260,344,0.8,7.5,6,PENDING,PENDING,0.0,-0.0,1.1183917802810218e-06,8.923475344150579e-07,0.24104025676546234,0.19026409616614337,0.10076923167951479
259,345,0.8,7.5,7,PENDING,PENDING,0.0,-0.0,7.574890280341612e-07,6.043888004460262e-07,0.24103853639080478,0.15040598286326406,0.07078396383737015
258,346,0.8,7.5,8,PENDING,PENDING,0.0,-0.0,1.1192868426501024e-06,8.930616908603029e-07,0.24114326782710468,0.1903736855986733,0.10089186793063462
257,347,0.8,7.5,9,PENDING,PENDING,0.0,-0.0,2.031265476770282e-06,1.6207153628068796e-06,0.24130210199524105,0.29125370895399166,0.17904654352499272
256,348,0.8,8.0,5,PENDING,PENDING,0.0,-0.0,1.9932505736255103e-06,1.5903838585072499e-06,0.24361656455071823,0.28656598223659663,0.17635439497347974
255,349,0.8,8.0,6,PENDING,PENDING,0.0,-0.0,1.0711697069371482e-06,8.546697711648806e-07,0.24396891916417227,0.18445203676240626,0.0974562852743333
254,350,0.8,8.0,7,PENDING,PENDING,0.0,-0.0,7.054644530091414e-07,5.628791952512325e-07,0.24415890201878507,0.14401181485496556,0.06714185766501193
253,351,0.8,8.0,8,PENDING,PENDING,0.0,-0.0,1.0719959832596872e-06,8.553290442855913e-07,0.24407235730748703,0.18455615976238857,0.09757481406240082
252,352,0.8,8.0,9,PENDING,PENDING,0.0,-0.0,1.994547510974253e-06,1.5914186647941403e-06,0.24379247474550259,0.286729422143935,0.17655643210381258
251,353,0.8,8.5,5,PENDING,PENDING,0.0,-0.0,1.9729585577858347e-06,1.5741931723612055e-06,0.24612742218579617,0.2841257592560097,0.17550432778296715
250,354,0.8,8.5,6,PENDING,PENDING,0.0,-0.0,1.0445668319681847e-06,8.334437479541755e-07,0.2469278399964219,0.18126435154331172,0.09615324623837646
249,355,0.8,8.5,7,PENDING,PENDING,0.0,-0.0,6.758630020766638e-07,5.39260654574845e-07,0.24731549938166783,0.14047264532170337,0.0656239114353613
248,356,0.8,8.5,8,PENDING,PENDING,0.0,-0.0,1.045318073094113e-06,8.340431516499939e-07,0.24703120234951134,0.1813621833328021,0.09626712868634757
247,357,0.8,8.5,9,PENDING,PENDING,0.0,-0.0,1.974157017992965e-06,1.5751494052572114e-06,0.2463032037351603,0.28428132812808016,0.17570040401299242
246,358,0.8,7.0,9,PENDING,PENDING,0.0,-0.0,2.090123855466684e-06,1.667677554442627e-06,0.23955514221977284,0.29854397045522013,0.18401408430684157
245,359,0.8,7.0,7,PENDING,PENDING,0.0,-0.0,8.418270683285325e-07,6.716808206852749e-07,0.23902930117494872,0.16082238897907325,0.07781672772710457
244,360,0.8,5.5,5,PENDING,PENDING,0.0,-0.0,2.3438156814292703e-06,1.870094345580062e-06,0.2334354310256605,0.3300261859627149,0.2060803977945211
243,361,0.8,7.0,6,PENDING,PENDING,0.0,-0.0,1.1967840733108516e-06,9.54895534709493e-07,0.23930199277133238,0.1999520141087314,0.10749504070425724
242,362,0.8,5.5,6,PENDING,PENDING,0.0,-0.0,1.5183554046651516e-06,1.2114723351939116e-06,0.23216972410873793,0.23978839357016754,0.13529651523074693
241,363,0.8,5.5,7,PENDING,PENDING,0.0,-0.0,1.1947867328566505e-06,9.53301887598419e-07,0.23166380939378192,0.20449606852832183,0.10804411136633192
240,364,0.8,5.5,8,PENDING,PENDING,0.0,-0.0,1.5196651965985692e-06,1.2125173979554495e-06,0.23226650109389452,0.23993898539343744,0.13545111146740196
239,365,0.8,5.5,9,PENDING,PENDING,0.0,-0.0,2.3463293131440356e-06,1.8720999335168177e-06,0.23364328921324992,0.3303166505169757,0.20639662791504662
238,366,0.8,6.0,5,PENDING,PENDING,0.0,-0.0,2.248717671615293e-06,1.7942171117864104e-06,0.2356586298198605,0.31821523826662884,0.19776852657489857
237,367,0.8,6.0,6,PENDING,PENDING,0.0,-0.0,1.3975732365380278e-06,1.1151021080249834e-06,0.23467754800409607,0.22481848072976554,0.12475912185224365
236,368,0.8,6.0,7,PENDING,PENDING,0.0,-0.0,1.0632190197392778e-06,8.483260406019267e-07,0.23430195907806717,0.1882058465358896,0.09667242283744737
235,369,0.8,6.0,8,PENDING,PENDING,0.0,-0.0,1.3988632783326532e-06,1.1161314124557054e-06,0.23477631415950184,0.22496947409102092,0.12491400697394826
234,370,0.8,6.0,9,PENDING,PENDING,0.0,-0.0,2.250705133894919e-06,1.7958028772545018e-06,0.23582784179038366,0.31844894920714956,0.1980234530303296
233,371,0.8,6.5,5,PENDING,PENDING,0.0,-0.0,2.1662993380855396e-06,1.7284567959359188e-06,0.23795165100438168,0.30797554690800827,0.19071971093270484
232,372,0.8,6.5,6,PENDING,PENDING,0.0,-0.0,1.2930011042300151e-06,1.0316656181661855e-06,0.23733437145514102,0.21184704164691334,0.1158383304803478
231,373,0.8,6.5,7,PENDING,PENDING,0.0,-0.0,9.490640849823259e-07,7.572435806198964e-07,0.23710821465585524,0.17405983007045012,0.08703740043497629
230,374,0.8,6.5,8,PENDING,PENDING,0.0,-0.0,1.2942588692259073e-06,1.0326691694375263e-06,0.23743473569801904,0.21199703758692096,0.11599234423973451
229,375,0.8,6.5,9,PENDING,PENDING,0.0,-0.0,2.1682424127427094e-06,1.7300071452053618e-06,0.23812319042161434,0.3082081537625205,0.19097449294665
228,376,0.8,7.0,5,PENDING,PENDING,0.0,-0.0,2.0980607603364498e-06,1.6740102882987742e-06,0.2403358725328981,0.29950784296867855,0.18509823399875816
227,377,0.65,7.0,7,PENDING,PENDING,0.0,-0.0,8.796643007432871e-07,7.018705642525173e-07,0.2427703560065507,0.16543520345010346,0.08262050313087857
226,378,0.65,7.0,5,PENDING,PENDING,0.0,-0.0,2.1177433856058892e-06,1.6897147511173282e-06,0.242645993957949,0.30192427817315726,0.1879698722258574
225,379,1.25,7.5,6,PENDING,PENDING,0.0,-0.0,1.1978311539457333e-06,9.557309841819808e-07,0.2349989707835637,0.2002780333884479,0.10609927939801916
224,380,0.5,6.5,9,PENDING,PENDING,0.0,-0.0,2.2269333257335554e-06,1.7768357185401822e-06,0.24271368326117376,0.3153545495714054,0.1985318008666776
223,381,0.5,7.0,6,PENDING,PENDING,0.0,-0.0,1.2765472010535026e-06,1.018537302856701e-06,0.24548478784767297,0.20978686920229944,0.11744916737344244
222,382,0.5,7.0,7,PENDING,PENDING,0.0,-0.0,9.309752443462064e-07,7.428107739535133e-07,0.24575607428920943,0.1718009305582507,0.0885241417890141
221,383,0.5,7.0,8,PENDING,PENDING,0.0,-0.0,1.277550795173515e-06,1.0193380551103716e-06,0.24558374693050053,0.2099135785154563,0.11758585812688545
220,384,0.5,7.0,9,PENDING,PENDING,0.0,-0.0,2.154984200978137e-06,1.7194286227345547e-06,0.24509608589718176,0.30655622718230585,0.19264626254047448
219,385,0.5,7.5,5,PENDING,PENDING,0.0,-0.0,2.0965305768124042e-06,1.6727893784897433e-06,0.24740079754259747,0.2994518738425719,0.1880569645530517
218,386,0.5,7.5,6,PENDING,PENDING,0.0,-0.0,1.2031939269574572e-06,9.600098579711256e-07,0.24839139676691357,0.20090962483850164,0.11176248079758302
217,387,0.5,7.5,7,PENDING,PENDING,0.0,-0.0,8.501946789893955e-07,6.783572080423869e-07,0.2488503877875872,0.16204271105869986,0.08229672821055656
216,388,0.5,7.5,8,PENDING,PENDING,0.0,-0.0,1.2041418102865738e-06,9.6076615944487e-07,0.24849099560317728,0.20103253244703712,0.11189620868852079
215,389,0.5,7.5,9,PENDING,PENDING,0.0,-0.0,2.098047912680289e-06,1.6740000373522808e-06,0.24757121715791428,0.2996480997618187,0.1882837641504948
214,390,0.5,8.0,5,PENDING,PENDING,0.0,-0.0,2.0550408365973985e-06,1.6396853553404684e-06,0.2499001048074856,0.29449430661097303,0.18523537341817947
213,391,0.5,8.0,6,PENDING,PENDING,0.0,-0.0,1.149027977562473e-06,9.167916832276384e-07,0.2513343339346479,0.19446274107643013,0.10796129439227291
212,392,0.5,8.0,7,PENDING,PENDING,0.0,-0.0,7.901335364132044e-07,6.304353496766645e-07,0.25198850029671643,0.15491003594425148,0.07807468562146129
211,393,0.5,8.0,8,PENDING,PENDING,0.0,-0.0,1.1499130592311104e-06,9.174978762260939e-07,0.25143410747031514,0.19458091319499252,0.1080913600026591
210,394,0.5,8.0,9,PENDING,PENDING,0.0,-0.0,2.0564753058060495e-06,1.6408298961749981e-06,0.25007074155963804,0.2946846651988832,0.1854577714187502
209,395,0.5,8.5,5,PENDING,PENDING,0.0,-0.0,2.0295252741927044e-06,1.619326882037561e-06,0.25239663508336513,0.2915637553337814,0.18400417579685063
208,396,0.5,7.0,5,PENDING,PENDING,0.0,-0.0,2.1600161502149067e-06,1.723443537341317e-06,0.24560364197544632,0.3071922679460419,0.19336249898911784
207,397,0.5,6.5,8,PENDING,PENDING,0.0,-0.0,1.3796725000868983e-06,1.100819386783626e-06,0.24367562128010276,0.22238682312102467,0.12644835065418208
206,398,0.5,8.5,7,PENDING,PENDING,0.0,-0.0,7.522823211993721e-07,6.002344494499212e-07,0.25517836736170374,0.1506036840779668,0.0760022386684864
205,399,0.5,6.5,7,PENDING,PENDING,0.0,-0.0,1.044692554767133e-06,8.335440602343973e-07,0.24388342156001402,0.18567603619658013,0.09835578285704222
204,400,0.5,5.0,7,PENDING,PENDING,0.0,-0.0,1.459477218516275e-06,1.1644943394976458e-06,0.23638150300507385,0.23626838934846323,0.13425696138221677
203,401,0.5,5.0,8,PENDING,PENDING,0.0,-0.0,1.7622592038262698e-06,1.4060794108657306e-06,0.23671074472561038,0.2691119384252656,0.15985717671946362
202,402,0.5,5.0,9,PENDING,PENDING,0.0,-0.0,2.537516538549142e-06,2.0246452688902896e-06,0.2374439767367165,0.3533915960690034,0.22615027532612011
201,403,0.5,5.5,5,PENDING,PENDING,0.0,-0.0,2.4259389834568087e-06,1.9356192603499857e-06,0.23945099246132007,0.33973633628061756,0.21628062358746464
200,404,0.5,5.5,6,PENDING,PENDING,0.0,-0.0,1.6231649773635598e-06,1.2950982750743169e-06,0.2391090413319097,0.2521288028622635,0.14763887327132524
199,405,0.5,5.5,7,PENDING,PENDING,0.0,-0.0,1.3097749592901628e-06,1.0450492181438226e-06,0.23900209923085297,0.21800818472348313,0.12122143901617188
198,406,0.5,5.5,8,PENDING,PENDING,0.0,-0.0,1.6245099319545852e-06,1.2961713935774769e-06,0.2392029993246846,0.25228985056496916,0.14780219377962792
197,407,0.5,5.5,9,PENDING,PENDING,0.0,-0.0,2.4280541489780916e-06,1.9373069182629596e-06,0.23961314862249827,0.3399905703090251,0.2165503995642938
196,408,0.5,6.0,5,PENDING,PENDING,0.0,-0.0,2.327846600517521e-06,1.8573528624703655e-06,0.24172672845214196,0.32772143343217286,0.20781931344399315
195,409,0.5,6.0,6,PENDING,PENDING,0.0,-0.0,1.49907523462537e-06,1.1960889851895158e-06,0.2417439648590308,0.23696979254671388,0.13695236833145402
194,410,0.5,6.0,7,PENDING,PENDING,0.0,-0.0,1.1745655873840875e-06,9.371677478241122e-07,0.2417846271118941,0.20151392330989268,0.1096474427537407
193,411,0.5,6.0,8,PENDING,PENDING,0.0,-0.0,1.5004019660463958e-06,1.1971475637066842e-06,0.24183958330709984,0.23713161069510874,0.1371163338237779
192,412,0.5,6.0,9,PENDING,PENDING,0.0,-0.0,2.3299374938834497e-06,1.8590211540053253e-06,0.24189135812015164,0.32797713358980873,0.20809102264095264
191,413,0.5,6.5,5,PENDING,PENDING,0.0,-0.0,2.242265364389003e-06,1.7890689154689968e-06,0.2440935613358758,0.3172564373580052,0.2006164510886237
190,414,0.5,6.5,6,PENDING,PENDING,0.0,-0.0,1.390178265767145e-06,1.1092017750193076e-06,0.24450155155328557,0.22369061841789145,0.1277860907118398
189,415,0.5,8.5,6,PENDING,PENDING,0.0,-0.0,1.1232851938706796e-06,8.962519135678687e-07,0.2552161040576353,0.19171118103125703,0.1073732020524115
188,416,0.5,8.5,8,PENDING,PENDING,0.0,-0.0,1.1237599553920044e-06,8.96630718455797e-07,0.25526540738228004,0.19177607401698676,0.10744266900592131
187,417,0.65,6.5,9,PENDING,PENDING,0.0,-0.0,2.2099082177334495e-06,1.7632516477208964e-06,0.24210166517923432,0.31326074657938435,0.19662709440098858
186,418,0.65,5.0,7,PENDING,PENDING,0.0,-0.0,1.4227111465911076e-06,1.135159258347187e-06,0.23473063775271102,0.23192178453724366,0.1302475970993979
185,419,0.65,5.0,9,PENDING,PENDING,0.0,-0.0,2.5105466571135622e-06,2.0031264168861566e-06,0.23605368267393545,0.35018270049064404,0.2230264644717783
184,420,0.65,5.5,5,PENDING,PENDING,0.0,-0.0,2.3992560442238673e-06,1.9143293550991807e-06,0.23803703637119866,0.3365237372882626,0.21314761034369534
183,421,0.65,5.5,6,PENDING,PENDING,0.0,-0.0,1.5893348491939782e-06,1.2681057381178257e-06,0.2374687785760252,0.2480701785199403,0.1438246232238381
182,422,0.65,5.5,7,PENDING,PENDING,0.0,-0.0,1.2729458992467357e-06,1.0156638797462903e-06,0.23726895026079325,0.21359716127166145,0.1171549534131712
181,423,0.65,5.5,8,PENDING,PENDING,0.0,-0.0,1.5908959478981187e-06,1.2693513146717487e-06,0.23756385104231792,0.24825613791168905,0.1440072319391989
180,424,0.65,5.5,9,PENDING,PENDING,0.0,-0.0,2.4017022427090734e-06,1.916281139103186e-06,0.23820084968965613,0.3368163158266685,0.21344784993138616
179,425,0.65,6.0,5,PENDING,PENDING,0.0,-0.0,2.3019809048643297e-06,1.8367150232542584e-06,0.24029512946244236,0.32456731044588977,0.2047276105524671
178,426,0.65,6.0,6,PENDING,PENDING,0.0,-0.0,1.4662930626498838e-06,1.1699325963006909e-06,0.24007988271620434,0.23298301397318716,0.13319771087142035
177,427,0.65,6.0,7,PENDING,PENDING,0.0,-0.0,1.1388799638588445e-06,9.086947397706973e-07,0.24002442490806206,0.19717966017112995,0.10565490871809588
176,428,0.65,6.0,8,PENDING,PENDING,0.0,-0.0,1.4678425188028185e-06,1.1711688834427585e-06,0.240176581414452,0.23317061456977392,0.13338151846693294
175,429,0.65,6.0,9,PENDING,PENDING,0.0,-0.0,2.3044116599181502e-06,1.8386544851827952e-06,0.2404613525514259,0.32486253403356297,0.2050306407882644
174,430,0.65,6.5,5,PENDING,PENDING,0.0,-0.0,2.217418491037584e-06,1.7692439788376754e-06,0.24264893642287205,0.3141856737992333,0.19758675878771717
173,431,0.65,6.5,6,PENDING,PENDING,0.0,-0.0,1.3587404940713377e-06,1.0841180623571777e-06,0.24281972139785934,0.21981171180872874,0.1241197838468821
172,432,0.65,6.5,7,PENDING,PENDING,0.0,-0.0,1.0213593658497544e-06,8.149268690429244e-07,0.2429256918300739,0.18280767062163264,0.09581086382675055
171,433,0.65,6.5,8,PENDING,PENDING,0.0,-0.0,1.3602660183709059e-06,1.0853352546429327e-06,0.2429176456696279,0.2199995339878077,0.1243035950155464
170,434,0.65,5.0,8,PENDING,PENDING,0.0,-0.0,1.7407911157288803e-06,1.3889503548228678e-06,0.23584459895539783,0.2665580045276782,0.15751488898012275
169,435,0.65,5.0,6,PENDING,PENDING,0.0,-0.0,1.7416215484305572e-06,1.3896129442543216e-06,0.2358910041462785,0.26665591615267376,0.15761004443511487
168,436,0.5,8.5,9,PENDING,PENDING,0.0,-0.0,2.045457964611012e-06,1.6320393297343804e-06,0.2541276456573732,0.2937215510914691,0.18644251637947484
167,437,0.65,5.0,5,PENDING,PENDING,0.0,-0.0,2.522015972204782e-06,2.012277606320424e-06,0.23677632675108978,0.35153863486160414,0.22440441565792127
166,438,0.5,9.0,5,PENDING,PENDING,0.0,-0.0,2.0341257859836403e-06,1.6229975593673403e-06,0.2564550708665841,0.2926213746528287,0.18658108022131104
165,439,0.5,9.0,6,PENDING,PENDING,0.0,-0.0,1.1182686908604759e-06,8.92249323266806e-07,0.25902997664213223,0.19165000556902448,0.10884045403252028
164,440,0.5,9.0,7,PENDING,PENDING,0.0,-0.0,7.539721702664277e-07,6.015827539306119e-07,0.2601832432022628,0.15157177677745293,0.0785908218531518
163,441,0.5,9.0,8,PENDING,PENDING,0.0,-0.0,1.1192906889243365e-06,8.930647597431308e-07,0.2591266191432283,0.19179216009952307,0.10898879499166284
162,442,0.5,9.0,9,PENDING,PENDING,0.0,-0.0,2.035810780018677e-06,1.6243419900929408e-06,0.256621070103855,0.2928530753542677,0.186834917107483
161,443,0.5,9.5,5,PENDING,PENDING,0.0,-0.0,2.040696792496142e-06,1.6282404640126004e-06,0.2588426386647948,0.29379667048089125,0.18853837855339745
160,444,0.5,9.5,6,PENDING,PENDING,0.0,-0.0,1.1247402377305083e-06,8.974128705989171e-07,0.26182054628721313,0.1929476701966312,0.1109618486816803
159,445,0.5,9.5,7,PENDING,PENDING,0.0,-0.0,7.598706694721819e-07,6.062890753787912e-07,0.2631483444811756,0.15286558346071644,0.08069113844671955
158,446,0.5,9.5,8,PENDING,PENDING,0.0,-0.0,1.125694073088356e-06,8.981739211044916e-07,0.26191579673261006,0.19308382444181107,0.11110556638029001
157,447,0.5,9.5,9,PENDING,PENDING,0.0,-0.0,2.042287884209814e-06,1.6295099715257606e-06,0.2590065476310879,0.29402032542205403,0.18878543466353617
156,448,0.5,10.0,5,PENDING,PENDING,0.0,-0.0,2.0638661395611855e-06,1.6467269283196818e-06,0.26113848009280016,0.29706233337666854,0.19210700280572487
155,449,0.5,10.0,6,PENDING,PENDING,0.0,-0.0,1.1524652291744076e-06,9.195342132203958e-07,0.26448376357028275,0.19691870460143887,0.11511739650034894
154,451,0.5,10.0,8,PENDING,PENDING,0.0,-0.0,1.1533084338902312e-06,9.202069932447477e-07,0.2645566560218569,0.1970387951842512,0.1152402747323471
153,452,0.5,10.0,9,PENDING,PENDING,0.0,-0.0,2.065314237931857e-06,1.6478823436521645e-06,0.2612820611075688,0.29726816582143717,0.192331692451841
152,453,0.8,9.0,5,PENDING,PENDING,0.0,-0.0,2.0075539523205845e-06,1.6017963035353662e-06,0.25270433158916594,0.2888786783881174,0.1820281433636255
151,454,0.8,9.0,6,PENDING,PENDING,0.0,-0.0,1.0867284745770336e-06,8.670838716498644e-07,0.25464750754789406,0.1871270831178025,0.1036225461315742
150,455,0.8,9.0,7,PENDING,PENDING,0.0,-0.0,7.209387918862733e-07,5.752259313299275e-07,0.2555304406086422,0.14678265263133433,0.07325585617009761
149,456,1.1,7.5,6,PENDING,PENDING,0.0,-0.0,1.2179058784401934e-06,9.717482969184817e-07,0.2414819461770072,0.20251894063013717,0.11029993737984625
148,457,1.1,7.5,8,PENDING,PENDING,0.0,-0.0,1.2188361000201579e-06,9.72490506355261e-07,0.2415324804381135,0.20263316209306423,0.11040702583378438
147,458,1.1,7.5,9,PENDING,PENDING,0.0,-0.0,2.1092260130335695e-06,1.6829188710432685e-06,0.24163164119492747,0.30087252814048915,0.18671539397447962
146,459,1.1,8.0,5,PENDING,PENDING,0.0,-0.0,2.072171387346117e-06,1.6533535573009208e-06,0.2439113872345686,0.2963217595004144,0.18411713975582594
145,460,1.1,8.0,6,PENDING,PENDING,0.0,-0.0,1.173067702755028e-06,9.359726088047218e-07,0.2443066758837652,0.19702670681517526,0.10718777971853842
144,461,1.1,8.0,7,PENDING,PENDING,0.0,-0.0,8.17995142358483e-07,6.526656948995755e-07,0.24451180293396796,0.15788383890664912,0.0775872755250136
143,462,1.1,8.0,8,PENDING,PENDING,0.0,-0.0,1.1748703932661702e-06,9.374109477314679e-07,0.24440755686028956,0.1972510818779734,0.10739871129916895
142,463,1.1,8.0,9,PENDING,PENDING,0.0,-0.0,2.074996697584428e-06,1.6556078287195474e-06,0.24408368154128743,0.2966738092781684,0.18446607934471895
141,464,1.1,8.5,5,PENDING,PENDING,0.0,-0.0,2.054027229576669e-06,1.638876613947907e-06,0.24638097110949897,0.2941587823926394,0.1834711397005264
140,465,1.1,8.5,6,PENDING,PENDING,0.0,-0.0,1.1493203854332553e-06,9.17024990953193e-07,0.24720632882035526,0.1942076782715322,0.10615273699342267
139,466,1.1,8.5,7,PENDING,PENDING,0.0,-0.0,7.916209912283971e-07,6.316221669085986e-07,0.24759745391568289,0.15476077535330157,0.07636233258273638
138,467,1.1,8.5,8,PENDING,PENDING,0.0,-0.0,1.1510581636070637e-06,9.184115373281748e-07,0.2473065162134682,0.1944269787869648,0.10635979822776409
137,468,1.1,8.5,9,PENDING,PENDING,0.0,-0.0,2.0567659937473543e-06,1.6410618315953767e-06,0.24655226164467797,0.29450440153812685,0.18381494541703008
136,469,1.1,9.0,5,PENDING,PENDING,0.0,-0.0,2.0521650354919084e-06,1.6373907980384581e-06,0.24883994680428997,0.29406327020871054,0.1844441108182594
135,470,1.1,9.0,6,PENDING,PENDING,0.0,-0.0,1.1461433375528534e-06,9.144900735004888e-07,0.2500914532481754,0.19400225248423902,0.1071201388621289
134,471,1.1,9.0,7,PENDING,PENDING,0.0,-0.0,7.876417289887625e-07,6.284471750042083e-07,0.25066650569168486,0.15448355601926225,0.07726965778473739
133,472,1.1,7.5,7,PENDING,PENDING,0.0,-0.0,8.830231564999868e-07,7.045505434027518e-07,0.24231143280684447,0.1658449479976831,0.08276107651941023
132,473,1.1,7.5,5,PENDING,PENDING,0.0,-0.0,2.1204642474122046e-06,1.6918856847446654e-06,0.24227697533977577,0.3022575647905386,0.18807431635968533
131,474,1.1,9.0,9,PENDING,PENDING,0.0,-0.0,2.0554721733002256e-06,1.6400295122361618e-06,0.2490518933010829,0.2944859446868866,0.18486622151778426
130,475,1.1,7.0,9,PENDING,PENDING,0.0,-0.0,2.175967457132897e-06,1.7361708388558094e-06,0.2401667647015333,0.3091036050479152,0.19254291867660658
129,476,1.1,5.5,9,PENDING,PENDING,0.0,-0.0,2.42476087552821e-06,1.934679266222797e-06,0.23407709225267795,0.3398641138806805,0.2140718086176009
128,477,1.1,6.0,5,PENDING,PENDING,0.0,-0.0,2.3295581445954835e-06,1.8587184770653055e-06,0.2360682430915255,0.3280974374202203,0.2056900582804902
127,478,1.1,6.0,6,PENDING,PENDING,0.0,-0.0,1.5008919664538282e-06,1.1975385274665617e-06,0.23517345484912705,0.23741407312349003,0.13465968650057777
126,479,1.1,6.0,7,PENDING,PENDING,0.0,-0.0,1.176617598390729e-06,9.388050157249091e-07,0.23483768661897983,0.20201049301320037,0.10735784238123013
125,480,1.1,6.0,8,PENDING,PENDING,0.0,-0.0,1.5030576260862966e-06,1.1992664738512623e-06,0.23527137190062608,0.2376719875056843,0.1348978491823535
124,481,1.1,6.0,9,PENDING,PENDING,0.0,-0.0,2.3329368855460906e-06,1.8614143223047472e-06,0.2362362453435445,0.3285014582665001,0.20607871395751046
123,482,1.1,6.5,5,PENDING,PENDING,0.0,-0.0,2.250690458513783e-06,1.7957911679944695e-06,0.23833083299048885,0.31832958103998,0.19899421977427023
122,483,1.1,6.5,6,PENDING,PENDING,0.0,-0.0,1.4011422260837695e-06,1.1179497496811975e-06,0.2377898040730358,0.22508302043063272,0.12618913087795125
121,484,1.1,6.5,7,PENDING,PENDING,0.0,-0.0,1.067920571239008e-06,8.520773359553811e-07,0.2375983817263421,0.18858815760758996,0.0981944910861959
120,485,1.1,6.5,8,PENDING,PENDING,0.0,-0.0,1.4033005278122371e-06,1.119671825307896e-06,0.23788874812423597,0.22534323955198374,0.12642873683399172
119,486,1.1,6.5,9,PENDING,PENDING,0.0,-0.0,2.2540596828220677e-06,1.7984794200519317e-06,0.23850033532065507,0.3187371605104014,0.19938604381585548
118,487,1.1,7.0,5,PENDING,PENDING,0.0,-0.0,2.1857452870743455e-06,1.7439724184042472e-06,0.2406789982559261,0.3102985085010683,0.193697370995951
117,488,1.1,7.0,6,PENDING,PENDING,0.0,-0.0,1.3186243314142487e-06,1.05210999553443e-06,0.24052150004400574,0.21489908893072934,0.11942761077422091
116,489,1.1,7.0,7,PENDING,PENDING,0.0,-0.0,9.777888668107052e-07,7.80162640553191e-07,0.24048986304623088,0.17747784935371397,0.09085936426305827
115,490,1.1,7.0,8,PENDING,PENDING,0.0,-0.0,1.3207603281783494e-06,1.0538142743744306e-06,0.24062100587033408,0.21515979516520178,0.11966724415026635
114,491,1.1,9.0,8,PENDING,PENDING,0.0,-0.0,1.164295406856082e-06,9.289733293441585e-07,0.25112593209518597,0.19632573370789888,0.10931220361611949
113,492,1.1,9.5,5,PENDING,PENDING,0.0,-0.0,2.0783925753457514e-06,1.6583173471556813e-06,0.25201051582392753,0.2975604158669894,0.18854774002648805
112,493,0.8,9.0,8,PENDING,PENDING,0.0,-0.0,1.1156240163319059e-06,8.901391782921115e-07,0.2565486102710002,0.19094448672398265,0.10730972183574952
111,494,1.25,5.5,9,PENDING,PENDING,0.0,-0.0,2.466721489791996e-06,1.9681589925056765e-06,0.23281680880279623,0.345085234518436,0.2176304445888008
110,495,1.25,6.0,6,PENDING,PENDING,0.0,-0.0,1.5557121446843922e-06,1.2412787012971902e-06,0.23361945276857635,0.24421551587527623,0.13929233949590653
109,496,1.25,6.0,7,PENDING,PENDING,0.0,-0.0,1.23631733092291e-06,9.864385105963969e-07,0.23320115684279347,0.20940987869543465,0.11237736728536457
108,497,1.25,6.0,8,PENDING,PENDING,0.0,-0.0,1.558049632412289e-06,1.2431437466663452e-06,0.23371706656244115,0.24449249120380068,0.1395454632743561
107,498,1.25,6.0,9,PENDING,PENDING,0.0,-0.0,2.376679988535489e-06,1.896316268821598e-06,0.23488682632280475,0.33393426385668185,0.2097646106901187
106,499,1.25,6.5,5,PENDING,PENDING,0.0,-0.0,2.296811678040402e-06,1.8325905769801585e-06,0.23693606542060763,0.32404201978002245,0.20287942797056913
105,500,1.25,6.5,6,PENDING,PENDING,0.0,-0.0,1.4596079729811615e-06,1.1645986664664346e-06,0.2361748873066611,0.23231081621964728,0.13112031958887121
104,501,1.25,6.5,7,PENDING,PENDING,0.0,-0.0,1.1317500718300204e-06,9.030059090007073e-07,0.23589331811849845,0.19647017888444662,0.1035400990876873
103,502,1.25,6.5,8,PENDING,PENDING,0.0,-0.0,1.4619430053721958e-06,1.1664617527602156e-06,0.23627345126742985,0.2325906593241736,0.13137534473332033
102,503,1.25,6.5,9,PENDING,PENDING,0.0,-0.0,2.300457383371362e-06,1.835499428976968e-06,0.23710501934696016,0.3244805677258019,0.2032954507113755
101,504,1.25,7.0,5,PENDING,PENDING,0.0,-0.0,2.234435538625087e-06,1.7828216183781917e-06,0.23924097528636637,0.3163071523819051,0.19779612086845533
100,505,1.25,7.0,6,PENDING,PENDING,0.0,-0.0,1.3806594471669796e-06,1.1016068566211524e-06,0.23884800771520343,0.22253839271023396,0.12464744013913776
99,506,1.25,7.0,7,PENDING,PENDING,0.0,-0.0,1.0456850335599856e-06,8.343359437401387e-07,0.23871811850182445,0.18582844388551523,0.09652124662307533
98,507,1.25,7.0,8,PENDING,PENDING,0.0,-0.0,1.382976413548177e-06,1.1034555283246092e-06,0.23894705914519682,0.2228192051284359,0.1249028923045363
97,508,1.25,7.0,9,PENDING,PENDING,0.0,-0.0,2.238057447075331e-06,1.7857114832112826e-06,0.2394106376159747,0.3167474557369816,0.19821370703310626
96,509,1.25,7.5,5,PENDING,PENDING,0.0,-0.0,2.186675916664316e-06,1.7447149533859109e-06,0.24161179833719149,0.310405970859933,0.1941788875986704
95,510,1.25,6.0,5,PENDING,PENDING,0.0,-0.0,2.387846900390657e-06,1.9052261753826827e-06,0.23538855851512894,0.3352652857470608,0.21102368292935528
94,511,1.25,5.5,8,PENDING,PENDING,0.0,-0.0,1.692673795873209e-06,1.3505582882028145e-06,0.23221353321085397,0.26100318644022963,0.15172138382877118
93,512,1.1,9.5,6,PENDING,PENDING,0.0,-0.0,1.1952073976771879e-06,9.536375295639987e-07,0.25470656364232047,0.20051274105686176,0.11395902127981239
92,513,1.25,5.5,7,PENDING,PENDING,0.0,-0.0,1.3867009939746424e-06,1.1064273135423545e-06,0.2317837353089714,0.22781192526016794,0.12592493550007078
91,514,1.1,9.5,7,PENDING,PENDING,0.0,-0.0,8.415836021840955e-07,6.714865628075504e-07,0.25561002795175336,0.16165768629165475,0.08452613945242622
90,515,1.1,9.5,8,PENDING,PENDING,0.0,-0.0,1.1979671159238254e-06,9.558394661451567e-07,0.25484935642143297,0.200870288972667,0.1142921992708736
89,516,1.1,9.5,9,PENDING,PENDING,0.0,-0.0,2.0954106694986567e-06,1.6718958217345739e-06,0.2529997036309712,0.29976093504116813,0.19070257963843093
88,517,1.1,10.0,5,PENDING,PENDING,0.0,-0.0,2.122081232088438e-06,1.6931758518528867e-06,0.25516203740795007,0.30330362041565834,0.19442270314658308
87,518,1.1,10.0,6,PENDING,PENDING,0.0,-0.0,1.2326582493952429e-06,9.835189859387524e-07,0.25745620685441173,0.2054993928980151,0.11892092047568735
86,519,1.1,10.0,7,PENDING,PENDING,0.0,-0.0,8.808713758458521e-07,7.028336708405835e-07,0.2584674186337961,0.16690796569741811,0.0896118047343542
85,520,1.1,10.0,8,PENDING,PENDING,0.0,-0.0,1.234419696568466e-06,9.849244174429369e-07,0.2575492303719111,0.20573017695975554,0.11913733986711147
84,521,1.1,10.0,9,PENDING,PENDING,0.0,-0.0,2.1249112132629386e-06,1.6954338501393836e-06,0.2553228184366738,0.30367315422100344,0.19478309512891637
82,523,1.25,5.0,6,PENDING,PENDING,0.0,-0.0,1.8396613599759614e-06,1.467837396230422e-06,0.23073961120635356,0.2789698391639745,0.16507207405826915
81,524,1.25,5.0,7,PENDING,PENDING,0.0,-0.0,1.5449629819093056e-06,1.2327021102773915e-06,0.23019822911191942,0.247136653318053,0.14018210874895812
80,525,1.25,5.0,8,PENDING,PENDING,0.0,-0.0,1.842152631946961e-06,1.4698251436728435e-06,0.2308333162335556,0.2792607212755315,0.16533675686589533
79,526,1.25,5.0,9,PENDING,PENDING,0.0,-0.0,2.6026357078182973e-06,2.0766028486624567e-06,0.2323291020733967,0.3616543273415765,0.23043706626274138
78,527,1.25,5.5,5,PENDING,PENDING,0.0,-0.0,2.49810251802727e-06,1.9931974304367205e-06,0.2341768685845864,0.34879411811880945,0.2211269407179833
77,528,1.25,5.5,6,PENDING,PENDING,0.0,-0.0,1.713724783448666e-06,1.3673545461789244e-06,0.23302565042652462,0.2634838207039047,0.15397548995102264
76,529,1.1,5.5,8,PENDING,PENDING,0.0,-0.0,1.681173806722848e-06,1.341382624410341e-06,0.2353792476691656,0.2593519674832562,0.15172667141854143
75,530,1.1,5.5,7,PENDING,PENDING,0.0,-0.0,1.3732599730368936e-06,1.0957029304546966e-06,0.23507023344379577,0.22590424343411958,0.1257484992690113
74,531,1.1,5.5,6,PENDING,PENDING,0.0,-0.0,1.6836380232857593e-06,1.3433487847603625e-06,0.2354742164009375,0.25964516151629363,0.1519929406036314
73,532,0.95,5.5,6,PENDING,PENDING,0.0,-0.0,1.6692432137964007e-06,1.3318633885131047e-06,0.23788017207317336,0.25777196876534597,0.15151982429860822
72,533,0.95,5.5,8,PENDING,PENDING,0.0,-0.0,1.6704410007112082e-06,1.3328190841995613e-06,0.2379272704693955,0.25791562173695737,0.15165066239368272
71,534,0.95,5.5,9,PENDING,PENDING,0.0,-0.0,2.464943802064204e-06,1.9667406029137426e-06,0.2385072064542202,0.3445187519464584,0.21963276943111215
70,535,0.95,6.0,5,PENDING,PENDING,0.0,-0.0,2.367293257444034e-06,1.8888267410073177e-06,0.24057946632402435,0.3325543196808168,0.21112271606134267
69,536,0.95,6.0,6,PENDING,PENDING,0.0,-0.0,1.5495855744592076e-06,1.2363904055038408e-06,0.2404132431475152,0.24314162550581048,0.14119669890455117
68,537,0.95,6.0,7,PENDING,PENDING,0.0,-0.0,1.2302278966635862e-06,9.815798450168584e-07,0.24037824243779163,0.20830539493658076,0.11430683105007375
67,538,0.95,6.0,8,PENDING,PENDING,0.0,-0.0,1.5519947716586983e-06,1.2383126667532438e-06,0.24050854860902832,0.24343390914013863,0.14146191937881014
66,539,0.95,6.0,9,PENDING,PENDING,0.0,-0.0,2.371090010844775e-06,1.8918561119269448e-06,0.24074363121806103,0.3330163284087737,0.21155642232115252
65,540,0.95,6.5,5,PENDING,PENDING,0.0,-0.0,2.285990013708667e-06,1.8239561380876761e-06,0.24290514097503746,0.322600195639323,0.20430298702893676
64,541,0.95,6.5,6,PENDING,PENDING,0.0,-0.0,1.4464457708605226e-06,1.1540967486082103e-06,0.24311467458767777,0.23054820660717532,0.1325331444298678
63,542,0.95,6.5,7,PENDING,PENDING,0.0,-0.0,1.117693593968375e-06,8.91790462335633e-07,0.2432354403440843,0.19458514724709955,0.1049060508306382
62,543,0.95,6.5,8,PENDING,PENDING,0.0,-0.0,1.4488565659934433e-06,1.1560202848240264e-06,0.243210634344904,0.23084404591770077,0.1328007143877134
61,544,0.95,6.5,9,PENDING,PENDING,0.0,-0.0,2.2897905537607694e-06,1.8269885303179615e-06,0.24307027480995202,0.32306762384866383,0.20474113685661355
60,545,0.95,7.0,5,PENDING,PENDING,0.0,-0.0,2.2182575163484258e-06,1.7699134241793188e-06,0.24530049028953,0.3143415959136923,0.19884550423132902
59,546,0.95,7.0,6,PENDING,PENDING,0.0,-0.0,1.3599822302521617e-06,1.0851088244844474e-06,0.24591076947381832,0.22003738626118202,0.1255267970557542
58,547,0.95,7.0,7,PENDING,PENDING,0.0,-0.0,1.0230469841742628e-06,8.162733936485776e-07,0.24620055751816988,0.1830987183209131,0.09727406557276344
57,548,0.95,5.5,7,PENDING,PENDING,0.0,-0.0,1.380384974491113e-06,1.1013878591107162e-06,0.2384512518079858,0.22659502500693607,0.1276163529875726
56,549,0.95,5.5,5,PENDING,PENDING,0.0,-0.0,2.4794078264796067e-06,1.978281224681868e-06,0.23911480078181288,0.34626205243011127,0.22126593891383867
55,550,1.1,5.5,5,PENDING,PENDING,0.0,-0.0,2.493618087989504e-06,1.9896193729455864e-06,0.237117885423654,0.34806677348902904,0.22182233797690262
54,551,0.95,5.0,9,PENDING,PENDING,0.0,-0.0,2.5913700209180846e-06,2.067614131017938e-06,0.23725755694831105,0.3599400884766531,0.23122127344345586
53,552,0.8,9.0,9,PENDING,PENDING,0.0,-0.0,2.0744371555835013e-06,1.6551613787958873e-06,0.25677815536196513,0.29764685256535417,0.19067279236485352
52,553,0.8,9.5,5,PENDING,PENDING,0.0,-0.0,2.079469316757286e-06,1.6591764625039216e-06,0.25897982707251266,0.2986087093968985,0.19238496343298422
51,554,0.8,9.5,6,PENDING,PENDING,0.0,-0.0,1.1750820500853346e-06,9.375798254396679e-07,0.2619461949673413,0.19918324768093637,0.11584318697393235
50,555,0.8,9.5,7,PENDING,PENDING,0.0,-0.0,8.159097829672896e-07,6.510018188376171e-07,0.2632553111604876,0.15979715957668136,0.08601838643601975
49,556,0.8,9.5,8,PENDING,PENDING,0.0,-0.0,1.1770285844273252e-06,9.391329351382148e-07,0.2620366219281619,0.19944086628021096,0.116079647068729
48,557,0.8,9.5,9,PENDING,PENDING,0.0,-0.0,2.0825991383728608e-06,1.6616736988490559e-06,0.2591368209257012,0.2990211941026057,0.19277793941012875
47,558,0.8,10.0,5,PENDING,PENDING,0.0,-0.0,2.104139304025703e-06,1.678860264460595e-06,0.26124825223850645,0.3020548742493219,0.1960876137504755
46,559,0.8,10.0,6,PENDING,PENDING,0.0,-0.0,1.2047436482453025e-06,9.612463566602448e-07,0.2645719033255263,0.20338505388079045,0.12017651134719529
45,560,0.8,10.0,7,PENDING,PENDING,0.0,-0.0,8.473739760786936e-07,6.761066127393262e-07,0.2660278038834199,0.16428766611943327,0.09053295609820391
44,561,0.8,10.0,8,PENDING,PENDING,0.0,-0.0,1.206618303267759e-06,9.627421149594946e-07,0.26466007849374157,0.203635603679457,0.12040748116951548
43,562,0.8,10.0,9,PENDING,PENDING,0.0,-0.0,2.1071662056639278e-06,1.6812753825448033e-06,0.2614018522546197,0.30245737501758463,0.1964718816789212
42,563,0.95,5.0,5,PENDING,PENDING,0.0,-0.0,2.6033207395772653e-06,2.077149424926597e-06,0.23773407141228242,0.36136901248826725,0.23255268029697151
41,564,0.95,5.0,6,PENDING,PENDING,0.0,-0.0,1.8469953811959926e-06,1.4736890985304855e-06,0.2371465887637799,0.2793470087245011,0.16800978731170946
40,565,0.95,5.0,7,PENDING,PENDING,0.0,-0.0,1.5536783023060562e-06,1.2396559298644093e-06,0.2369424526435638,0.24762448214338817,0.1432664180837641
39,566,0.95,5.0,8,PENDING,PENDING,0.0,-0.0,1.84955109039534e-06,1.4757282594425466e-06,0.23723804885611657,0.2796516789551299,0.16828530656463014
38,567,0.95,7.0,8,PENDING,PENDING,0.0,-0.0,1.3857528326496772e-06,1.1056707902600143e-06,0.24691492643967394,0.22323785185358494,0.1284049862847156
37,568,0.95,7.0,9,PENDING,PENDING,0.0,-0.0,2.240547470277871e-06,1.78769823428063e-06,0.2462472797498578,0.3171136096947031,0.20143023711928454
36,569,0.95,7.5,5,PENDING,PENDING,0.0,-0.0,2.183125852416798e-06,1.741882411932958e-06,0.2485224095609763,0.3101801371676494,0.19696172388310773
35,570,0.95,7.5,6,PENDING,PENDING,0.0,-0.0,1.3144187731293568e-06,1.048754445509358e-06,0.24967635021504458,0.2146655850721071,0.12288305366455024
34,571,0.95,9.5,5,PENDING,PENDING,0.0,-0.0,2.108877444535607e-06,1.682640753620362e-06,0.25747238686441765,0.30199853546929034,0.19439809763498428
33,572,0.95,9.5,6,PENDING,PENDING,0.0,-0.0,1.214242640831257e-06,9.68825456187759e-07,0.2601622041271079,0.20367660762928136,0.11860398830804236
32,573,0.95,9.5,7,PENDING,PENDING,0.0,-0.0,8.598845372657795e-07,6.860885963574816e-07,0.2613445083948983,0.164831437791617,0.08913151507992047
31,574,0.95,9.5,8,PENDING,PENDING,0.0,-0.0,1.216399896494111e-06,9.705466971748547e-07,0.26025243932301995,0.20395826470784448,0.11885909014897714
30,575,0.95,9.5,9,PENDING,PENDING,0.0,-0.0,2.1123313347740103e-06,1.6853965593162917e-06,0.257629104990131,0.3024482256964434,0.19482016518653453
29,576,0.95,10.0,5,PENDING,PENDING,0.0,-0.0,2.135005822179126e-06,1.7034881827409524e-06,0.2597413663901524,0.3055879238551724,0.19821291900058627
28,577,0.95,10.0,6,PENDING,PENDING,0.0,-0.0,1.2458979307862909e-06,9.940827233106185e-07,0.262788074454361,0.20807353902955272,0.1230904623732005
27,578,0.95,10.0,7,PENDING,PENDING,0.0,-0.0,8.936143675535115e-07,7.130011071825639e-07,0.26411644687416863,0.16954351259762518,0.0938220012243244
26,579,0.95,10.0,8,PENDING,PENDING,0.0,-0.0,1.2479800007807923e-06,9.957439748137421e-07,0.262875985788818,0.20834770417488824,0.12333975568444877
25,580,0.95,10.0,9,PENDING,PENDING,0.0,-0.0,2.138352334164275e-06,1.7061583129864447e-06,0.25989458352814643,0.3060270541775819,0.19862580903819485
24,581,1.1,5.0,5,PENDING,PENDING,0.0,-0.0,2.6338516069067974e-06,2.101509532596751e-06,0.23647215878796252,0.365130263906841,0.23496488591281744
23,582,1.1,5.0,6,PENDING,PENDING,0.0,-0.0,1.885159148446477e-06,1.504139379201721e-06,0.23569950839252918,0.2840379445697377,0.171066888081935
22,583,1.1,5.0,7,PENDING,PENDING,0.0,-0.0,1.595074906014667e-06,1.2726856408331845e-06,0.23542176106989168,0.2527065938250089,0.14658947379106985
21,584,1.1,5.0,8,PENDING,PENDING,0.0,-0.0,1.8878779941139026e-06,1.5063087041829658e-06,0.2357910834388708,0.28436066072116367,0.17135661573885252
20,585,1.1,5.0,9,PENDING,PENDING,0.0,-0.0,2.638160374437245e-06,2.104947431685384e-06,0.2366307473472167,0.36564387506238877,0.23543804754684908
19,586,0.95,9.0,9,PENDING,PENDING,0.0,-0.0,2.1171441783846105e-06,1.6892366529267483e-06,0.25590992084560266,0.30279382452417364,0.19434577783802107
18,587,0.95,9.0,8,PENDING,PENDING,0.0,-0.0,1.2261119842973266e-06,9.782958220862022e-07,0.25833180458634963,0.20482962931118875,0.1187560572905633
17,588,0.95,9.0,7,PENDING,PENDING,0.0,-0.0,8.737128656573948e-07,6.971220060828634e-07,0.2593975886412725,0.16618206473625918,0.0894144930058845
16,589,0.95,8.0,8,PENDING,PENDING,0.0,-0.0,1.2817968768156591e-06,1.0227259380965468e-06,0.25321125764618113,0.21098753616187566,0.12145833154880041
15,590,0.95,7.5,7,PENDING,PENDING,0.0,-0.0,9.991178855272533e-07,7.971807352842001e-07,0.2511406235141474,0.18049489446818312,0.09717764767499878
14,591,0.95,7.5,8,PENDING,PENDING,0.0,-0.0,1.3411366304419941e-06,1.0700722113568453e-06,0.25066452539608575,0.21802183498480196,0.12587794894816018
13,592,0.95,7.5,9,PENDING,PENDING,0.0,-0.0,2.2063011228718307e-06,1.7603736024214593e-06,0.24945636415392552,0.31309284940479015,0.1996536482307743
12,593,0.95,8.0,5,PENDING,PENDING,0.0,-0.0,2.163571310466949e-06,1.7262801448176018e-06,0.2517444277236967,0.30803111616426726,0.19666217136477193
11,594,0.95,8.0,6,PENDING,PENDING,0.0,-0.0,1.288164226803108e-06,1.0278063483447605e-06,0.2534432431545969,0.2117952502936877,0.12217714805171964
10,595,0.95,8.0,7,PENDING,PENDING,0.0,-0.0,9.433442744937572e-07,7.526798321403492e-07,0.2541946869596343,0.17397910880762626,0.09337284031919629
9,596,0.95,8.0,9,PENDING,PENDING,0.0,-0.0,2.1666259527418423e-06,1.7287173967275148e-06,0.2518645706592568,0.3084185037781605,0.19701870296636864
8,597,0.95,9.0,6,PENDING,PENDING,0.0,-0.0,1.2380280632997316e-06,9.878034775475283e-07,0.25878385159749384,0.2063689560649794,0.12013266219939704
7,598,0.95,8.5,5,PENDING,PENDING,0.0,-0.0,2.1405193394541647e-06,1.7078873330504259e-06,0.2541805359220077,0.3054539422548763,0.1956891267044208
6,599,0.95,8.5,6,PENDING,PENDING,0.0,-0.0,1.257300696394009e-06,1.0031808139394707e-06,0.25629816539574635,0.2083619417035978,0.12067066973867777
5,600,0.95,8.5,7,PENDING,PENDING,0.0,-0.0,9.08711765292586e-07,7.250470877468715e-07,0.2572301023217031,0.17013642291437978,0.09160303335473693
4,601,0.95,8.5,8,PENDING,PENDING,0.0,-0.0,1.259823906075094e-06,1.0051940439876766e-06,0.2563893276828408,0.20868490102288628,0.12095781200918332
3,602,0.95,8.5,9,PENDING,PENDING,0.0,-0.0,2.1445340060106526e-06,1.711090573512619e-06,0.2543386467808833,0.3059672958674786,0.19616145708694505
2,603,0.95,9.0,5,PENDING,PENDING,0.0,-0.0,2.1334101486076616e-06,1.7022150194341998e-06,0.25657593079622315,0.30489104334938183,0.19628529738107503
1,604,2.0,10.0,9,PENDING,PENDING,0.0,-0.0,2.691860755962477e-06,2.14779413701359e-06,0.24525468820238389,0.3720604663907768,0.24426677697071633
604,0,1.25,7.5,7,0.0,0.1266891891891892,-1.0,-0.0,8.142420576850853e-07,6.496711665832856e-07,0.2146344824684738,0.16100296648464102,0.06958668168411536
0,450,0.5,10.0,7,0.0,0.35714285714285715,-1.0,-0.0,8.142420576850843e-07,6.496711665832849e-07,0.2691975638635726,0.1610029664846412,0.08925074098926146
